tag,token0,token1,date,timestamp,token0_hourly_price_median_mint,token0_hourly_amount_mint,token0_hourly_price_median_burn,token0_hourly_amount_burn,token0_hourly_amount_net_mint_burn,liquidity_hourly_sum_mint,liquidity_hourly_sum_burn,liquidity_hourly_net_mint_burn,token0_hourly_price_median_swap,token0_hourly_price_min_swap,token0_hourly_price_max_swap,token0_hourly_price_std_swap,token0_hourly_amount_buy_swap,token0_hourly_amount_sell_swap,token0_hourly_amount_net_swap,token0_hourly_amount_cum_buy_swap,token0_hourly_amount_cum_sell_swap,token0_hourly_amount_cum_net_swap,total_events_hourly_mint,total_events_hourly_burn,total_events_hourly_swap,total_events_hourly,liquidity_hourly_cum_sum_mint,liquidity_hourly_cum_sum_burn
STRK_ETH,STRK,ETH,2024-02-08 12:00:00,1707393600,,0.0,,0.0,0.0,0.0,0.0,0.0,,,,,,,,,,,1,0,0,1,0.0,0.0
STRK_ETH,STRK,ETH,2024-02-08 23:00:00,1707433200,,0.0,,0.0,0.0,0.0,0.0,0.0,,,,,,,,,,,2,1,0,3,0.0,0.0
STRK_ETH,STRK,ETH,2024-02-09 09:00:00,1707469200,,0.0,,0.0,0.0,0.0,0.0,0.0,,,,,,,,,,,2,0,0,2,0.0,0.0
STRK_ETH,STRK,ETH,2024-02-11 12:00:00,1707652800,,0.0,,0.0,0.0,0.0,0.0,0.0,,,,,,,,,,,1,0,0,1,0.0,0.0
STRK_ETH,STRK,ETH,2024-02-11 14:00:00,1707660000,,0.0,,0.0,0.0,0.0,0.0,0.0,,,,,,,,,,,1,0,0,1,0.0,0.0
STRK_ETH,STRK,ETH,2024-02-12 12:00:00,1707739200,,0.0,,0.0,0.0,0.0,0.0,0.0,,,,,,,,,,,1,0,0,1,0.0,0.0
STRK_ETH,STRK,ETH,2024-02-13 21:00:00,1707858000,,0.0,,0.0,0.0,0.0,0.0,0.0,,,,,,,,,,,2,0,0,2,0.0,0.0
STRK_ETH,STRK,ETH,2024-02-15 07:00:00,1707980400,,0.0,,0.0,0.0,0.0,0.0,0.0,,,,,,,,,,,1,0,0,1,0.0,0.0
STRK_ETH,STRK,ETH,2024-02-15 09:00:00,1707987600,,0.0,,0.0,0.0,0.0,0.0,0.0,,,,,,,,,,,1,0,0,1,0.0,0.0
STRK_ETH,STRK,ETH,2024-02-15 17:00:00,1708016400,,0.0,,0.0,0.0,0.0,0.0,0.0,,,,,,,,,,,1,0,0,1,0.0,0.0
STRK_ETH,STRK,ETH,2024-02-16 05:00:00,1708059600,,0.0,,0.0,0.0,0.0,0.0,0.0,,,,,,,,,,,1,0,0,1,0.0,0.0
STRK_ETH,STRK,ETH,2024-02-17 03:00:00,1708138800,,0.0,,0.0,0.0,0.0,0.0,0.0,,,,,,,,,,,1,0,0,1,0.0,0.0
STRK_ETH,STRK,ETH,2024-02-17 09:00:00,1708160400,,0.0,,0.0,0.0,0.0,0.0,0.0,,,,,,,,,,,1,0,0,1,0.0,0.0
STRK_ETH,STRK,ETH,2024-02-18 06:00:00,1708236000,,0.0,,0.0,0.0,0.0,0.0,0.0,,,,,,,,,,,1,0,0,1,0.0,0.0
STRK_ETH,STRK,ETH,2024-02-18 12:00:00,1708257600,,0.0,,0.0,0.0,0.0,0.0,0.0,,,,,,,,,,,2,1,0,3,0.0,0.0
STRK_ETH,STRK,ETH,2024-02-18 13:00:00,1708261200,,0.0,,0.0,0.0,0.0,0.0,0.0,,,,,,,,,,,2,1,0,3,0.0,0.0
STRK_ETH,STRK,ETH,2024-02-18 21:00:00,1708290000,,0.0,,0.0,0.0,0.0,0.0,0.0,,,,,,,,,,,2,2,0,4,0.0,0.0
STRK_ETH,STRK,ETH,2024-02-19 02:00:00,1708308000,,0.0,,0.0,0.0,0.0,0.0,0.0,,,,,,,,,,,1,0,0,1,0.0,0.0
STRK_ETH,STRK,ETH,2024-02-19 09:00:00,1708333200,,0.0,,0.0,0.0,0.0,0.0,0.0,,,,,,,,,,,1,0,0,1,0.0,0.0
STRK_ETH,STRK,ETH,2024-02-19 09:00:00,1708333200,,0.0,,0.0,0.0,0.0,0.0,0.0,,,,,,,,,,,1,0,0,1,0.0,0.0
STRK_ETH,STRK,ETH,2024-02-19 12:00:00,1708344000,,0.0,,0.0,0.0,0.0,0.0,0.0,,,,,,,,,,,0,1,0,1,0.0,0.0
STRK_ETH,STRK,ETH,2024-02-19 13:00:00,1708347600,,0.0,,0.0,0.0,0.0,0.0,0.0,,,,,,,,,,,2,1,0,3,0.0,0.0
STRK_ETH,STRK,ETH,2024-02-19 15:00:00,1708354800,,0.0,,0.0,0.0,0.0,0.0,0.0,,,,,,,,,,,10,1,0,11,0.0,0.0
STRK_ETH,STRK,ETH,2024-02-19 16:00:00,1708358400,,0.0,,0.0,0.0,0.0,0.0,0.0,,,,,,,,,,,3,1,0,4,0.0,0.0
STRK_ETH,STRK,ETH,2024-02-19 17:00:00,1708362000,,0.0,,0.0,0.0,0.0,0.0,0.0,,,,,,,,,,,2,0,0,2,0.0,0.0
STRK_ETH,STRK,ETH,2024-02-19 19:00:00,1708369200,,0.0,,0.0,0.0,0.0,0.0,0.0,,,,,,,,,,,2,1,0,3,0.0,0.0
STRK_ETH,STRK,ETH,2024-02-19 20:00:00,1708372800,,0.0,,0.0,0.0,0.0,0.0,0.0,,,,,,,,,,,7,0,0,7,0.0,0.0
STRK_ETH,STRK,ETH,2024-02-19 21:00:00,1708376400,,0.0,,0.0,0.0,0.0,0.0,0.0,,,,,,,,,,,17,0,0,17,0.0,0.0
STRK_ETH,STRK,ETH,2024-02-19 22:00:00,1708380000,,0.0,,0.0,0.0,0.0,0.0,0.0,,,,,,,,,,,6,2,0,8,0.0,0.0
STRK_ETH,STRK,ETH,2024-02-20 00:00:00,1708387200,,0.0,,0.0,0.0,0.0,0.0,0.0,,,,,,,,,,,1,0,0,1,0.0,0.0
STRK_ETH,STRK,ETH,2024-02-20 01:00:00,1708390800,,0.0,,0.0,0.0,0.0,0.0,0.0,,,,,,,,,,,1,0,0,1,0.0,0.0
STRK_ETH,STRK,ETH,2024-02-20 03:00:00,1708398000,,0.0,,0.0,0.0,0.0,0.0,0.0,,,,,,,,,,,2,0,0,2,0.0,0.0
STRK_ETH,STRK,ETH,2024-02-20 04:00:00,1708401600,,0.0,,0.0,0.0,0.0,0.0,0.0,,,,,,,,,,,9,0,0,9,0.0,0.0
STRK_ETH,STRK,ETH,2024-02-20 04:00:00,1708401600,,0.0,,0.0,0.0,0.0,0.0,0.0,,,,,,,,,,,3,2,0,5,0.0,0.0
STRK_ETH,STRK,ETH,2024-02-20 05:00:00,1708405200,,0.0,,0.0,0.0,0.0,0.0,0.0,,,,,,,,,,,5,0,0,5,0.0,0.0
STRK_ETH,STRK,ETH,2024-02-20 06:00:00,1708408800,,0.0,,0.0,0.0,0.0,0.0,0.0,,,,,,,,,,,15,2,0,17,0.0,0.0
STRK_ETH,STRK,ETH,2024-02-20 07:00:00,1708412400,,0.0,,0.0,0.0,0.0,0.0,0.0,,,,,,,,,,,18,0,0,18,0.0,0.0
STRK_ETH,STRK,ETH,2024-02-20 08:00:00,1708416000,,0.0,,0.0,0.0,0.0,0.0,0.0,,,,,,,,,,,17,2,0,19,0.0,0.0
STRK_ETH,STRK,ETH,2024-02-20 09:00:00,1708419600,,0.0,,0.0,0.0,0.0,0.0,0.0,,,,,,,,,,,22,1,0,23,0.0,0.0
STRK_ETH,STRK,ETH,2024-02-20 10:00:00,1708423200,,0.0,,0.0,0.0,0.0,0.0,0.0,,,,,,,,,,,35,4,0,39,0.0,0.0
STRK_ETH,STRK,ETH,2024-02-20 11:00:00,1708426800,,0.0,,0.0,0.0,0.0,0.0,0.0,0.0019895746330527,0.0024732593779413,0.0015058898881641,0.0005585110353287,0.0,-2600.0,-2600.0,0.0,-2600.0,-2600.0,96,7,4,107,0.0,0.0
STRK_ETH,STRK,ETH,2024-02-20 12:00:00,1708430400,0.0007109695282567,-30471.80698608218,0.0017095117736217,4582.1342515107335,-25889.672734571446,1.0450445277220512e+23,-1.82041037584612e+22,8.630034901374392e+22,0.0007058336742587,0.0018808169791316,0.000612025343615,9.274776298762384e-05,8304030.954787968,-7558354.105293012,745676.8494949555,8304030.954787968,-7558354.105293012,745676.8494949555,59,15,4295,4369,1.0450445277220512e+23,-1.82041037584612e+22
STRK_ETH,STRK,ETH,2024-02-20 13:00:00,1708434000,0.0005157718400705,-28827.154007131976,0.0041515364221463,7772.5441993811455,-21054.60980775083,1.1234886507778663e+22,-7.662795274667863e+22,-6.539306623889997e+22,0.000838555411006,1.618223918489753,0.0006077007319614,0.2492276771848286,4321691.55397248,-3996567.4767161296,325124.0772563503,4321691.55397248,-3996567.4767161296,325124.0772563503,44,98,3592,3734,1.1234886507778663e+22,-7.662795274667863e+22
STRK_ETH,STRK,ETH,2024-02-20 14:00:00,1708437600,0.0008473088247156,-21190.741841359708,0.0011035010854526,5094.806032488672,-16095.935808871036,4.358594663866877e+22,-7.925530936853773e+22,-3.566936272986896e+22,0.0008727855865417,0.0012045456126032,0.0006821543947761,8.114452256966226e-05,3198547.6705962275,-4620871.727568578,-1422324.0569723505,3198547.6705962275,-4620871.727568578,-1422324.0569723505,80,45,2363,2488,4.358594663866877e+22,-7.925530936853773e+22
STRK_ETH,STRK,ETH,2024-02-20 15:00:00,1708441200,0.0007349322286058,-27121.09749455089,0.0012793065484647,7001.548281975532,-20119.549212575355,1.163429626076903e+23,-3.820405250151775e+22,7.813891010617254e+22,0.0007621438322216,0.0009604714544429,0.0006812993344746,4.8887060925411466e-05,3770596.8117346503,-4720054.382743025,-949457.5710083744,3770596.8117346503,-4720054.382743025,-949457.5710083744,95,29,4062,4186,1.163429626076903e+23,-3.820405250151775e+22
STRK_ETH,STRK,ETH,2024-02-20 16:00:00,1708444800,0.0007106725837272,-74638.10216828909,0.0002620467493391,16780.177380739566,-57857.92478754952,3.4516276190545166e+22,-3.4941125565084422e+22,-4.248493745392604e+20,0.0007309189287838,0.0008878540726765,0.000598609487843,4.041526396413382e-05,9001915.899405293,-6513871.193624076,2488044.7057812167,9001915.899405293,-6513871.193624076,2488044.7057812167,142,42,6676,6860,3.4516276190545166e+22,-3.4941125565084422e+22
STRK_ETH,STRK,ETH,2024-02-20 17:00:00,1708448400,0.0006854321517689,-69645.76970440029,0.0002702855382776,8428.612901721448,-61217.15680267884,4.940194089128268e+22,-1.04561214615514e+23,-5.515927372423133e+22,0.0007190514849458,0.0008188222233284,0.0006176502770428,4.022535236565985e-05,7074863.070823748,-5710507.03388503,1364356.0369387176,7074863.070823748,-5710507.03388503,1364356.0369387176,122,29,4576,4727,4.940194089128268e+22,-1.04561214615514e+23
STRK_ETH,STRK,ETH,2024-02-20 18:00:00,1708452000,0.0006680884872191,-45184.38890449376,0.0002233603804276,42933.36280937296,-2251.026095120804,3.730669953014184e+23,-6.967323283231981e+22,3.033937624690986e+23,0.0006780087691834,0.000755220817913,0.0006018245562482,3.346958336422299e-05,4226267.279227693,-3359417.1931480323,866850.0860796603,4226267.279227693,-3359417.1931480323,866850.0860796603,144,45,4052,4241,3.730669953014184e+23,-6.967323283231981e+22
STRK_ETH,STRK,ETH,2024-02-20 19:00:00,1708455600,0.0006882354009132,-89832.4425699483,0.0007431422782462,1234.8746404108508,-88597.56792953744,1.3762755081231976e+23,-3.978770029173728e+21,1.33648780783146e+23,0.0007039295576563,0.0007564186861483,0.0006646470876895,1.4630476694077746e-05,2193872.8345305626,-3717722.2799467687,-1523849.445416206,2193872.8345305626,-3717722.2799467687,-1523849.445416206,193,22,4899,5114,1.3762755081231976e+23,-3.978770029173728e+21
STRK_ETH,STRK,ETH,2024-02-20 20:00:00,1708459200,0.0006460304939275,-114720.25542965616,0.0007522358153425,22867.09401686521,-91853.16141279094,8.667291664119435e+22,-1.1363919938535993e+23,-2.696628274416556e+22,0.0006748824210042,0.0006906471017958,0.0006547022787712,7.002855356459691e-06,3221478.8500468475,-3206406.159027772,15072.691019075924,3221478.8500468475,-3206406.159027772,15072.691019075924,183,27,3527,3737,8.667291664119435e+22,-1.1363919938535993e+23
STRK_ETH,STRK,ETH,2024-02-20 21:00:00,1708462800,0.0006501146012214,-90987.96353469348,0.0005181194424917,19473.887650255358,-71514.07588443812,1.491826512198562e+23,-7.905672710900083e+22,7.012592411085537e+22,0.0006653282384884,0.0006771137781398,0.0006406192925016,6.450176860196276e-06,2920354.2622823706,-4068602.102969106,-1148247.8406867348,2920354.2622823706,-4068602.102969106,-1148247.8406867348,178,29,2662,2869,1.491826512198562e+23,-7.905672710900083e+22
STRK_ETH,STRK,ETH,2024-02-20 22:00:00,1708466400,0.0006003290231256,-83157.4345599031,0.0002538625946759,30588.5531354774,-52568.881424425694,9.967204357245992e+22,-1.5733005085802928e+23,-5.765800728556936e+22,0.0006215279757532,0.0006696980239725,0.0006049990100174,1.5734879209445156e-05,2181365.293267721,-3684452.777575866,-1503087.484308145,2181365.293267721,-3684452.777575866,-1503087.484308145,173,63,3390,3626,9.967204357245992e+22,-1.5733005085802928e+23
STRK_ETH,STRK,ETH,2024-02-20 23:00:00,1708470000,0.000625458110588,-45703.51827241326,0.000362939970394,14409.563949467369,-31293.95432294589,1.7748891263933369e+22,-6.595856915519779e+21,1.115303434841359e+22,0.0006314296435677,0.0006466634898704,0.0006189952431479,4.197922841733186e-06,2378591.179551457,-3166652.4310538154,-788061.2515023584,2378591.179551457,-3166652.4310538154,-788061.2515023584,117,34,3544,3695,1.7748891263933369e+22,-6.595856915519779e+21
STRK_ETH,STRK,ETH,2024-02-21 00:00:00,1708473600,0.0006245252031083,-71188.68451629509,0.0010887765663844,13214.806180114265,-57973.87833618083,2.594920859843154e+22,-3.407447236365987e+23,-3.147955150381672e+23,0.0006602930153074,0.0006979968848729,0.0006352651261946,1.6425817031190146e-05,1689202.7945140866,-1650574.8939381198,38627.90057596681,1689202.7945140866,-1650574.8939381198,38627.90057596681,144,35,2710,2889,2.594920859843154e+22,-3.407447236365987e+23
STRK_ETH,STRK,ETH,2024-02-21 01:00:00,1708477200,0.0006624738328804,-89357.45254532808,0.0013558357265071,15983.0970318476,-73374.35551348048,2.187778826590267e+22,-2.0823655048939083e+22,1.054133216963589e+21,0.0006904527257211,0.0007182241244058,0.0006724273602274,1.0370724823445127e-05,1022012.496938696,-1244786.3885455434,-222773.8916068473,1022012.496938696,-1244786.3885455434,-222773.8916068473,169,34,2501,2704,2.187778826590267e+22,-2.0823655048939083e+22
STRK_ETH,STRK,ETH,2024-02-21 02:00:00,1708480800,0.0007116721420342,-43556.78657217077,0.0008060673633505,48284.93628375572,4728.149711584956,1.7990374416559926e+22,-1.6307610836386592e+22,1.6827635801733338e+21,0.0006906091998935,0.0007221266130066,0.0006736131406033,1.279342042542879e-05,519996.7961155221,-1011174.9438875216,-491178.1477719997,519996.7961155221,-1011174.9438875216,-491178.1477719997,156,24,1742,1922,1.7990374416559926e+22,-1.6307610836386592e+22
STRK_ETH,STRK,ETH,2024-02-21 03:00:00,1708484400,0.000666653295618,-47124.26304371123,0.0005152359438465,4971.8723774557,-42152.39066625553,3.1352220408988937e+22,-5.496675375997612e+21,2.5855545032991327e+22,0.0006664951157247,0.0006908570644964,0.0006522790387254,8.537100032460393e-06,582722.2504223483,-1954568.4177065452,-1371846.1672841972,582722.2504223483,-1954568.4177065452,-1371846.1672841972,120,13,1663,1796,3.1352220408988937e+22,-5.496675375997612e+21
STRK_ETH,STRK,ETH,2024-02-21 04:00:00,1708488000,0.000647170799364,-29182.755498745315,0.0003706071182845,23474.65159571837,-5708.103903026946,8.774374973865289e+21,-4.658285660957657e+21,4.116089312907632e+21,0.0006677913506581,0.0006800916942464,0.0006601257897192,3.793056641782473e-06,321671.81884323375,-399204.8155877849,-77532.99674455117,321671.81884323375,-399204.8155877849,-77532.99674455117,119,26,1402,1547,8.774374973865289e+21,-4.658285660957657e+21
STRK_ETH,STRK,ETH,2024-02-21 05:00:00,1708491600,0.0006364216325064,-60660.0424190232,0.0006035950838638,2155.904277223281,-58504.13814179992,4.290713134653014e+22,-2.0469547586792616e+22,2.2437583759737524e+22,0.0006645056647188,0.000680246886247,0.0006499881217099,7.345354219934524e-06,317822.67452932283,-1048639.100977717,-730816.4264483941,317822.67452932283,-1048639.100977717,-730816.4264483941,153,17,1301,1471,4.290713134653014e+22,-2.0469547586792616e+22
STRK_ETH,STRK,ETH,2024-02-21 06:00:00,1708495200,0.0006300689971969,-35548.04453264785,0.0006338813212939,1599.4581613125465,-33948.5863713353,2.95106649965436e+22,-9.13798922712258e+21,2.037267576942102e+22,0.0006519032866551,0.0006627434755383,0.0006391951434193,3.92876301939511e-06,690909.1358116847,-1309113.0626056818,-618203.9267939972,690909.1358116847,-1309113.0626056818,-618203.9267939972,187,13,1821,2021,2.95106649965436e+22,-9.13798922712258e+21
STRK_ETH,STRK,ETH,2024-02-21 07:00:00,1708498800,0.0006226544587149,-70599.73424859202,0.000555209489819,7712.593080049271,-62887.14116854275,9.236298781094176e+22,-1.465855346215927e+22,7.770443434878249e+22,0.0006505694591657,0.0006590449056873,0.0006264437855706,4.052527615011217e-06,1098385.3032928417,-913274.291717986,185111.01157485577,1098385.3032928417,-913274.291717986,185111.01157485577,203,22,2282,2507,9.236298781094176e+22,-1.465855346215927e+22
STRK_ETH,STRK,ETH,2024-02-21 08:00:00,1708502400,0.000619071855138,-81612.10630660554,0.0003840872530465,23132.87688583456,-58479.22942077098,5.903803914619929e+22,-7.463965506676658e+21,5.157407363952263e+22,0.0006488330668234,0.0006606112662176,0.0006392050940559,4.250736192942606e-06,1599970.5868889457,-1046617.7338348076,553352.8530541381,1599970.5868889457,-1046617.7338348076,553352.8530541381,195,23,2319,2537,5.903803914619929e+22,-7.463965506676658e+21
STRK_ETH,STRK,ETH,2024-02-21 09:00:00,1708506000,0.0006605725225008,-39712.77313913584,0.0006690548416056,5347.329385960484,-34365.44375317536,4.941139610503778e+22,-2.8626175550247487e+22,2.0785220554790296e+22,0.0006610605571677,0.0006714184938304,0.0006476663098869,5.437880642154883e-06,1725299.0940453326,-1689783.47084916,35515.62319617253,1725299.0940453326,-1689783.47084916,35515.62319617253,146,10,2515,2671,4.941139610503778e+22,-2.8626175550247487e+22
STRK_ETH,STRK,ETH,2024-02-21 10:00:00,1708509600,0.000635247768248,-42181.74108499628,0.0005062077338479,26443.40885017422,-15738.332234822064,2.083341347872174e+22,-4.2134960296289e+22,-2.1301546817567257e+22,0.000643003538299,0.0006540300013132,0.0006374653397888,3.982185465102797e-06,796653.4858177454,-1094889.97157905,-298236.4857613045,796653.4858177454,-1094889.97157905,-298236.4857613045,98,25,1707,1830,2.083341347872174e+22,-4.2134960296289e+22
STRK_ETH,STRK,ETH,2024-02-21 11:00:00,1708513200,0.0006326025296009,-30382.03423797069,0.0004852321896297,28568.59602858432,-1813.438209386368,7.547484629376462e+22,-1.018047492570766e+22,6.529437136805696e+22,0.0006445908288984,0.000654429334328,0.0006350182727095,3.881036944150524e-06,456747.0119943264,-1001926.7680094562,-545179.7560151299,456747.0119943264,-1001926.7680094562,-545179.7560151299,126,24,1242,1392,7.547484629376462e+22,-1.018047492570766e+22
STRK_ETH,STRK,ETH,2024-02-21 12:00:00,1708516800,0.0005911552993835,-75212.99880281893,0.000275640288362,5718.015662550572,-69494.98314026835,1.1965176715247157e+23,-8.547196481577197e+22,3.41798023366996e+22,0.0006173513351951,0.0006379055108647,0.0006062021252086,6.611300472912425e-06,318196.855856717,-1594111.7138199166,-1275914.8579631995,318196.855856717,-1594111.7138199166,-1275914.8579631995,107,47,1672,1826,1.1965176715247157e+23,-8.547196481577197e+22
STRK_ETH,STRK,ETH,2024-02-21 13:00:00,1708520400,0.0005739233935411,-46104.613670981766,0.0003044764965757,9685.45705131482,-36419.15661966695,1.4111020854717203e+23,-1.0824751834315462e+23,3.286269020401741e+22,0.0006118106674821,0.0006210938382656,0.000576064996498,1.2305909041948544e-05,625544.4254865213,-1539225.799584895,-913681.3740983732,625544.4254865213,-1539225.799584895,-913681.3740983732,98,51,2294,2443,1.4111020854717203e+23,-1.0824751834315462e+23
STRK_ETH,STRK,ETH,2024-02-21 14:00:00,1708524000,0.0005541580318102,-53265.99423750941,0.0002608335558159,12638.113946319314,-40627.8802911901,6.049592997682844e+22,-1.2819833040922482e+23,-6.770240043239637e+22,0.0005821038639863,0.0005932993425717,0.0005725981877122,3.4807745481981885e-06,856992.4142250076,-1460029.6295733275,-603037.2153483198,856992.4142250076,-1460029.6295733275,-603037.2153483198,98,68,1691,1857,6.049592997682844e+22,-1.2819833040922482e+23
STRK_ETH,STRK,ETH,2024-02-21 15:00:00,1708527600,0.000572611646794,-45284.45499465132,0.0003409104445459,3723.12394595888,-41561.331048692446,1.7456859016259336e+22,-1.3983144041947033e+22,3.473714974312303e+21,0.0005938133244142,0.0006069328088741,0.0005768460278951,7.870576269612918e-06,1318581.006646555,-811187.0866208945,507393.9200256604,1318581.006646555,-811187.0866208945,507393.9200256604,78,34,1415,1527,1.7456859016259336e+22,-1.3983144041947033e+22
STRK_ETH,STRK,ETH,2024-02-21 16:00:00,1708531200,0.0005468656168237,-26822.76907705749,0.0001271938626549,2438.930796503438,-24383.838280554053,1.695090847217057e+22,-1.557609290644288e+22,1.3748155657276914e+21,0.0006285125193296,0.0006457794032553,0.0006032725740366,1.1680211863579952e-05,2334095.425684761,-596169.3895459843,1737926.0361387765,2334095.425684761,-596169.3895459843,1737926.0361387765,69,30,1548,1647,1.695090847217057e+22,-1.557609290644288e+22
STRK_ETH,STRK,ETH,2024-02-21 17:00:00,1708534800,0.0006406858372944,-85831.58745407446,0.0005958993178471,12018.057374097372,-73813.53007997708,3.372931522008747e+22,-3.351607272895633e+22,2.1324249113114024e+20,0.0006522463465203,0.0006632776799583,0.0006397537934636,6.493595993017129e-06,1359537.3363560415,-1603134.761238463,-243597.4248824215,1359537.3363560415,-1603134.761238463,-243597.4248824215,83,24,1297,1404,3.372931522008747e+22,-3.351607272895633e+22
STRK_ETH,STRK,ETH,2024-02-21 18:00:00,1708538400,0.0006376136698283,-21995.81760545464,0.0004037957562241,2504.1730626541166,-19491.644542800525,2.4351272904072576e+22,-2.889464375537725e+21,2.146180852853485e+22,0.000642186580703,0.0006500933390321,0.0006363499697544,3.3489052441135128e-06,171338.78026869727,-595782.3600888746,-424443.5798201773,171338.78026869727,-595782.3600888746,-424443.5798201773,64,13,990,1067,2.4351272904072576e+22,-2.889464375537725e+21
STRK_ETH,STRK,ETH,2024-02-21 19:00:00,1708542000,0.0006269085074175,-30019.766034952183,0.0006023645110946,15188.90796117192,-14830.858073780262,3.2685699911097703e+22,-7.509349474668879e+21,2.5176350436428823e+22,0.000642088278535,0.0006489660674835,0.0006311478250957,3.225998297923581e-06,301293.28854067,-509238.222079158,-207944.93353848797,301293.28854067,-509238.222079158,-207944.93353848797,73,16,696,785,3.2685699911097703e+22,-7.509349474668879e+21
STRK_ETH,STRK,ETH,2024-02-21 20:00:00,1708545600,0.0006189266660559,-16801.69135692289,0.0004952368993338,8038.667335467854,-8763.024021455036,5.970659681123968e+21,-2.6421457250994026e+21,3.3285139560245656e+21,0.0006226639207983,0.0006345492580195,0.0006161240331138,4.422345706566935e-06,85397.60418772494,-1255392.8051062468,-1169995.200918522,85397.60418772494,-1255392.8051062468,-1169995.200918522,58,9,764,831,5.970659681123968e+21,-2.6421457250994026e+21
STRK_ETH,STRK,ETH,2024-02-21 21:00:00,1708549200,0.0006101269492478,-21867.806152441408,0.0003495368865312,609.6028313649276,-21258.20332107648,1.4092916039167938e+22,-4.61084475675526e+21,9.48207128241268e+21,0.0006152961883733,0.0006200316985861,0.0006102675815214,1.8641136308347177e-06,44628.44885782276,-658405.85997314,-613777.4111153171,44628.44885782276,-658405.85997314,-613777.4111153171,61,14,769,844,1.4092916039167938e+22,-4.61084475675526e+21
STRK_ETH,STRK,ETH,2024-02-21 22:00:00,1708552800,0.0005349257584624,-19287.38216071193,0.0002328447843101,3871.675198512225,-15415.706962199709,7.185111245938154e+21,-1.203660708390493e+21,5.981450537547661e+21,0.0006104044433062,0.0006206492228848,0.0006039663165408,3.3095855049877357e-06,414760.1730050234,-2923148.2674618727,-2508388.094456849,414760.1730050234,-2923148.2674618727,-2508388.094456849,102,16,1034,1152,7.185111245938154e+21,-1.203660708390493e+21
STRK_ETH,STRK,ETH,2024-02-21 23:00:00,1708556400,0.0005972199774179,-30603.637103747784,0.0004275703340255,20134.297275512214,-10469.33982823557,1.5549605232779322e+22,-1.3318416960268026e+22,2.231188272511296e+21,0.0006323236073885,0.0006378332694374,0.0006127055928536,6.889511941471022e-06,837366.2410034379,-229690.49886349775,607675.7421399402,837366.2410034379,-229690.49886349775,607675.7421399402,69,18,852,939,1.5549605232779322e+22,-1.3318416960268026e+22
STRK_ETH,STRK,ETH,2024-02-22 00:00:00,1708560000,0.0006068416286825,-21127.658013453587,0.0005964209866264,1513.0848779703508,-19614.573135483235,1.418307405564685e+22,-7.587970361454951e+20,1.3424277019501355e+22,0.000627366317769,0.0006406742079366,0.000619483728905,5.943959833398584e-06,226439.03465805063,-434985.5905376864,-208546.5558796357,226439.03465805063,-434985.5905376864,-208546.5558796357,77,8,564,649,1.418307405564685e+22,-7.587970361454951e+20
STRK_ETH,STRK,ETH,2024-02-22 01:00:00,1708563600,0.0006048532976615,-10124.748366608312,0.0002462475779556,2411.662419823639,-7713.085946784673,5.955006860324701e+21,-1.416129272677353e+21,4.5388775876473473e+21,0.0006334276543661,0.0006399349478154,0.000623829234681,3.8570503938828e-06,426945.53519628,-266177.82532715634,160767.70986912365,426945.53519628,-266177.82532715634,160767.70986912365,54,8,608,670,5.955006860324701e+21,-1.416129272677353e+21
STRK_ETH,STRK,ETH,2024-02-22 02:00:00,1708567200,0.0006210077312428,-68904.49080881101,0.0003029415161552,740.2085312065506,-68164.28227760446,2.686542773428644e+22,-4.51844896611569e+20,2.641358283767487e+22,0.0006274601013164,0.0006314276538128,0.0006244548919617,1.3945288473439827e-06,177635.51395242132,-719132.9030160483,-541497.389063627,177635.51395242132,-719132.9030160483,-541497.389063627,115,7,464,586,2.686542773428644e+22,-4.51844896611569e+20
STRK_ETH,STRK,ETH,2024-02-22 03:00:00,1708570800,0.0006147751969565,-21460.35201817016,0.0003052705748687,11561.002259533778,-9899.34975863638,1.1831055166450944e+22,-9.118841346395126e+21,2.712213820055818e+21,0.0006301456949915,0.0006427508242656,0.0006217010727969,6.661489788657225e-06,525428.2934354984,-1113966.7749817134,-588538.481546215,525428.2934354984,-1113966.7749817134,-588538.481546215,83,9,583,675,1.1831055166450944e+22,-9.118841346395126e+21
STRK_ETH,STRK,ETH,2024-02-22 04:00:00,1708574400,0.0006348615980884,-8833.881184568047,0.0007173613181725,1773.2544789104395,-7060.626705657607,7.282154998876494e+21,-4.456650776320928e+21,2.825504222555567e+21,0.0006431129844867,0.0006533579828691,0.000629837918883,6.355165395090878e-06,947447.4906309188,-958700.1351499396,-11252.644519020689,947447.4906309188,-958700.1351499396,-11252.644519020689,38,8,550,596,7.282154998876494e+21,-4.456650776320928e+21
STRK_ETH,STRK,ETH,2024-02-22 05:00:00,1708578000,0.0006341445167285,-45042.72620170066,0.0005220794208427,10133.326144324274,-34909.400057376384,3.056398153655236e+22,-6.121632735048935e+21,2.444234880150342e+22,0.000640101541424,0.0006532961839495,0.0006319110889134,5.095843657447521e-06,61740.07578775848,-658506.4757369676,-596766.3999492092,61740.07578775848,-658506.4757369676,-596766.3999492092,68,13,373,454,3.056398153655236e+22,-6.121632735048935e+21
STRK_ETH,STRK,ETH,2024-02-22 06:00:00,1708581600,0.000627979655998,-38882.53454096707,0.0006581857053294,7598.685235705663,-31283.849305261407,5.1935444925264085e+22,-4.202753117060125e+21,4.773269180820396e+22,0.0006308108836555,0.0006344326362014,0.0006271828101237,1.5856278105206985e-06,99507.40653483334,-334453.8465012536,-234946.43996642024,99507.40653483334,-334453.8465012536,-234946.43996642024,75,8,461,544,5.1935444925264085e+22,-4.202753117060125e+21
STRK_ETH,STRK,ETH,2024-02-22 07:00:00,1708585200,0.0006048606762485,-43581.6120658873,0.0004763960153834,2268.810145800568,-41312.801920086735,2.291342255315445e+22,-1.1303267687070622e+21,2.1783095784447387e+22,0.0006260226625881,0.0006294206557597,0.0006221827498393,1.6084697475827864e-06,223392.10183389383,-1030858.2676423852,-807466.1658084912,223392.10183389383,-1030858.2676423852,-807466.1658084912,131,9,591,731,2.291342255315445e+22,-1.1303267687070622e+21
STRK_ETH,STRK,ETH,2024-02-22 08:00:00,1708588800,0.0006176385903002,-30166.04856409973,0.0006314265810487,8884.603445826815,-21281.445118272917,1.4048839741139489e+22,-1.1748268756389218e+22,2.300570984750271e+21,0.0006345470974709,0.0006390750591747,0.0006247152915011,2.8772546752046325e-06,1010849.6148262996,-209046.7046982053,801802.9101280941,1010849.6148262996,-209046.7046982053,801802.9101280941,151,7,927,1085,1.4048839741139489e+22,-1.1748268756389218e+22
STRK_ETH,STRK,ETH,2024-02-22 09:00:00,1708592400,0.0006357538698458,-60986.79779597083,0.0003861224054913,33199.61169015265,-27787.186105818186,5.092336236744493e+22,-3.349378067135209e+22,1.742958169609284e+22,0.0006372169822326,0.0006416666612536,0.0006308105340612,2.570356022698144e-06,505938.7523297628,-503211.7618857853,2726.990443977469,505938.7523297628,-503211.7618857853,2726.990443977469,132,14,873,1019,5.092336236744493e+22,-3.349378067135209e+22
STRK_ETH,STRK,ETH,2024-02-22 10:00:00,1708596000,0.0006237578017183,-30844.00498080057,0.0006200636188013,4661.14292787681,-26182.862052923767,3.4091544690644128e+22,-3.877787081131384e+21,3.0213757609512744e+22,0.0006293963516185,0.0006387862823524,0.0006215175796187,3.780818796713906e-06,120788.94626207504,-1614381.784351374,-1493592.838089299,120788.94626207504,-1614381.784351374,-1493592.838089299,270,35,903,1208,3.4091544690644128e+22,-3.877787081131384e+21
STRK_ETH,STRK,ETH,2024-02-22 11:00:00,1708599600,0.0006186466328423,-20678.64518111207,0.000654364050028,7177.425623189378,-13501.219557922694,1.0096200193134603e+22,-6.502457543949415e+21,3.593742649185188e+21,0.0006269193038306,0.0006312393449153,0.0006206897506296,2.6170327450890115e-06,455581.6557622078,-542519.9190630151,-86938.26330080733,455581.6557622078,-542519.9190630151,-86938.26330080733,228,45,916,1189,1.0096200193134603e+22,-6.502457543949415e+21
STRK_ETH,STRK,ETH,2024-02-22 12:00:00,1708603200,0.0006076039479758,-35305.35874625461,0.0006271067648287,2320.8807136441933,-32984.47803261042,2.0705045233944523e+22,-1.3625229833279617e+21,1.934252225061656e+22,0.0006304524003429,0.0006350351989521,0.0006245676525723,2.6217959081521542e-06,256493.8626662734,-505268.62168998807,-248774.7590237147,256493.8626662734,-505268.62168998807,-248774.7590237147,291,34,860,1185,2.0705045233944523e+22,-1.3625229833279617e+21
STRK_ETH,STRK,ETH,2024-02-22 13:00:00,1708606800,0.0006229021301454,-66360.8997135598,0.0006181869052115,24390.82502880608,-41970.07468475372,8.177946976423263e+22,-8.110759045316437e+22,6.718793110682631e+20,0.0006236987539527,0.0006306356769034,0.0006183322743574,2.9078298320944884e-06,501446.14426030463,-448574.4950112428,52871.64924906183,501446.14426030463,-448574.4950112428,52871.64924906183,268,54,955,1277,8.177946976423263e+22,-8.110759045316437e+22
STRK_ETH,STRK,ETH,2024-02-22 14:00:00,1708610400,0.0006328365240695,-26105.69192954245,0.0006328365240695,9711.385157846507,-16394.306771695945,7.164303844475171e+22,-6.704523628733281e+21,6.493851481601843e+22,0.0006259137706757,0.0006302597233971,0.0006241224737645,1.0242065782583057e-06,226690.29921518467,-242161.89059583,-15471.591380645288,226690.29921518467,-242161.89059583,-15471.591380645288,213,41,642,896,7.164303844475171e+22,-6.704523628733281e+21
STRK_ETH,STRK,ETH,2024-02-22 15:00:00,1708614000,0.0006328729615295,-21808.50231748823,0.0006328729615295,5429.7015083077295,-16378.8008091805,7.179873433556234e+22,-4.859375972117538e+22,2.3204974614386963e+22,0.0006231938685461,0.0006283168123266,0.0006208174988337,2.1168225024235206e-06,208345.0020373236,-439620.3222295998,-231275.3201922762,208345.0020373236,-439620.3222295998,-231275.3201922762,182,25,554,761,7.179873433556234e+22,-4.859375972117538e+22
STRK_ETH,STRK,ETH,2024-02-22 16:00:00,1708617600,0.0006158012179872,-42420.75139857716,0.000416422653732,10320.082850631345,-32100.668547945814,2.8461705633065203e+22,-4.782175357189801e+21,2.3679530275875404e+22,0.0006180901362626,0.0006221145674474,0.0006157658283608,1.4790332240220017e-06,17804.57329787253,-634153.1828080986,-616348.6095102261,17804.57329787253,-634153.1828080986,-616348.6095102261,141,22,469,632,2.8461705633065203e+22,-4.782175357189801e+21
STRK_ETH,STRK,ETH,2024-02-22 17:00:00,1708621200,0.0006158282060013,-18985.191954899008,0.0004861085091074,6375.246868331918,-12609.94508656709,1.071380374384908e+23,-6.079369510445119e+22,4.63443423340396e+22,0.0006146695183973,0.0006172362651916,0.0006106424562339,1.3569205191030925e-06,284787.1654888332,-799356.2986805988,-514569.1331917656,284787.1654888332,-799356.2986805988,-514569.1331917656,117,33,607,757,1.071380374384908e+23,-6.079369510445119e+22
STRK_ETH,STRK,ETH,2024-02-22 18:00:00,1708624800,0.0005951866318776,-12588.554936894468,0.000475144770793,1501.309634135494,-11087.245302758973,1.5382629651213258e+22,-8.307495421101322e+20,1.4551880109103126e+22,0.0006151673142165,0.0006195947124527,0.0006122425672239,1.992826734645149e-06,381909.79490187217,-58019.262309183454,323890.5325926887,381909.79490187217,-58019.262309183454,323890.5325926887,109,20,486,615,1.5382629651213258e+22,-8.307495421101322e+20
STRK_ETH,STRK,ETH,2024-02-22 19:00:00,1708628400,0.0006221164704416,-23636.436782925142,0.0005982048726699,3137.551413560546,-20498.8853693646,1.1676499185298523e+22,-1.0451770469671542e+21,1.063132213833137e+22,0.0006271128561606,0.0006332208013697,0.0006158978169702,4.8639322990808905e-06,716523.8276330174,-314872.5347238231,401651.2929091944,716523.8276330174,-314872.5347238231,401651.2929091944,150,23,736,909,1.1676499185298523e+22,-1.0451770469671542e+21
STRK_ETH,STRK,ETH,2024-02-22 20:00:00,1708632000,0.0005956721471825,-87951.38558787452,0.0005954815293698,7884.737654669794,-80066.64793320473,9.682238762942514e+22,-2.0058658345350773e+21,9.481652179489006e+22,0.0006285591445803,0.0006347227265802,0.000625651941591,1.422156762380875e-06,282377.0581593972,-231559.4167992387,50817.64136015851,282377.0581593972,-231559.4167992387,50817.64136015851,134,12,447,593,9.682238762942514e+22,-2.0058658345350773e+21
STRK_ETH,STRK,ETH,2024-02-22 21:00:00,1708635600,0.0006230056857515,-22365.376790064267,0.0005814012637388,10960.494980263516,-11404.88180980075,9.263038343502596e+21,-1.1000115904633152e+22,-1.737077561130557e+21,0.0006424307458218,0.0006582840815576,0.0006237087339592,1.1239242535025795e-05,2656502.203442493,-501457.06350838114,2155045.1399341123,2656502.203442493,-501457.06350838114,2155045.1399341123,109,26,1070,1205,9.263038343502596e+21,-1.1000115904633152e+22
STRK_ETH,STRK,ETH,2024-02-22 22:00:00,1708639200,0.0006633564627477,-37104.86496789581,0.0007534819115436,3137.223670893437,-33967.641297002374,1.526940704254952e+22,-7.436970771069217e+22,-5.910030066814265e+22,0.0006559594772151,0.0006608065033121,0.0006497522108199,2.9195759500525425e-06,949048.354664825,-348534.9034122034,600513.4512526216,949048.354664825,-348534.9034122034,600513.4512526216,107,24,557,688,1.526940704254952e+22,-7.436970771069217e+22
STRK_ETH,STRK,ETH,2024-02-22 23:00:00,1708642800,0.0006436811230353,-5470.312123773282,0.0007177740055555,584.6682990405246,-4885.643824732758,3.582705992165937e+21,-1.0879863107450228e+21,2.494719681420914e+21,0.0006560394536481,0.0006610235710391,0.0006459724038033,4.423700363027192e-06,165120.37772170914,-448929.1389966066,-283808.76127489744,165120.37772170914,-448929.1389966066,-283808.76127489744,93,11,395,499,3.582705992165937e+21,-1.0879863107450228e+21
STRK_ETH,STRK,ETH,2024-02-23 00:00:00,1708646400,0.0006530571838829,-17808.644147316256,0.0006335833341711,6467.262061570549,-11341.382085745709,1.3703125450247029e+22,-1.1217905399118386e+22,2.4852200511286406e+21,0.0006523879071811,0.0006584302330094,0.0006458639014529,2.562798649111899e-06,439484.5453134759,-142854.40447816672,296630.1408353092,439484.5453134759,-142854.40447816672,296630.1408353092,75,12,408,495,1.3703125450247029e+22,-1.1217905399118386e+22
STRK_ETH,STRK,ETH,2024-02-23 01:00:00,1708650000,0.0006836829310593,-21711.55299810759,0.0007003227080516,12497.132610697368,-9214.42038741022,2.500047439001313e+22,-1.1824667083990574e+22,1.317580730602256e+22,0.0006731230006788,0.0006924928628842,0.0006523657165822,1.078415539505481e-05,3202539.4939117013,-150888.077425147,3051651.4164865543,3202539.4939117013,-150888.077425147,3051651.4164865543,136,31,1483,1650,2.500047439001313e+22,-1.1824667083990574e+22
STRK_ETH,STRK,ETH,2024-02-23 02:00:00,1708653600,0.000706221408892,-95239.9255370946,0.0006944868924379,14108.486585936089,-81131.4389511585,5.197603643560165e+22,-4.3841010496159904e+22,8.135025939441743e+21,0.0007041398531488,0.0007126952295543,0.0006878539532908,5.207442738053694e-06,2756005.894902277,-629129.601647235,2126876.293255042,2756005.894902277,-629129.601647235,2126876.293255042,204,83,1718,2005,5.197603643560165e+22,-4.3841010496159904e+22
STRK_ETH,STRK,ETH,2024-02-23 03:00:00,1708657200,0.0006953762530752,-55265.06301328127,0.0007175455868821,6949.807227997543,-48315.25578528372,3.2877960536742e+22,-3.394340092804257e+22,-1.0654403913005716e+21,0.0007009604890867,0.0007107587170504,0.0006910304749367,4.973964630076292e-06,875873.6800655778,-780049.6961632217,95823.98390235612,875873.6800655778,-780049.6961632217,95823.98390235612,236,86,1062,1384,3.2877960536742e+22,-3.394340092804257e+22
STRK_ETH,STRK,ETH,2024-02-23 04:00:00,1708660800,0.0006963766803468,-45132.39062349577,0.0007040916343824,2245.2544146304863,-42887.13620886528,3.0283709333600947e+22,-8.37638372665521e+22,-5.348012793295115e+22,0.0007000255987163,0.0007069196887502,0.0006917766766161,3.6397152546487287e-06,513908.9456448106,-743158.7548547783,-229249.80920996767,513908.9456448106,-743158.7548547783,-229249.80920996767,262,81,1171,1514,3.0283709333600947e+22,-8.37638372665521e+22
STRK_ETH,STRK,ETH,2024-02-23 05:00:00,1708664400,0.0007275153492561,-36645.73119180087,0.0008448461036036,13952.452747782105,-22693.278444018768,1.9137301484739733e+24,-5.369281240549203e+22,1.8600373360684812e+24,0.0007160273221048,0.0007257547204393,0.0006977322073748,6.148490522139398e-06,1148307.737747684,-391318.8193287273,756988.9184189566,1148307.737747684,-391318.8193287273,756988.9184189566,244,90,1381,1715,1.9137301484739733e+24,-5.369281240549203e+22
STRK_ETH,STRK,ETH,2024-02-23 06:00:00,1708668000,0.0007063264344764,-33373.3966005402,0.0007475463625926,8464.375069448839,-24909.021531091363,1.3397415636127696e+24,-1.9312106464197265e+22,1.3204294571485723e+24,0.0007217398914626,0.0007302065620044,0.0007118250066326,5.162059853238862e-06,845290.6617598035,-1173298.1798315663,-328007.51807176275,845290.6617598035,-1173298.1798315663,-328007.51807176275,314,121,1413,1848,1.3397415636127696e+24,-1.9312106464197265e+22
STRK_ETH,STRK,ETH,2024-02-23 07:00:00,1708671600,0.000695282549397,-87820.99453820221,0.0006943425927439,4586.81063104203,-83234.18390716019,2.6438363622963585e+22,-2.8190218155391703e+22,-1.7518545324281178e+21,0.0007053158185013,0.0007169612990914,0.0006947143689001,4.574961507984184e-06,436415.0766069373,-1071985.832747913,-635570.7561409757,436415.0766069373,-1071985.832747913,-635570.7561409757,257,74,1097,1428,2.6438363622963585e+22,-2.8190218155391703e+22
STRK_ETH,STRK,ETH,2024-02-23 08:00:00,1708675200,0.0006883797031549,-346135.28226041986,0.0007178964027488,7192.784952545834,-338942.49730787403,1.1881762722621828e+23,-1.969114639896572e+24,-1.850297012670354e+24,0.0006950415206968,0.000699121316749,0.0006905526401222,1.948477587119976e-06,233046.0513787383,-371268.84365081775,-138222.79227207944,233046.0513787383,-371268.84365081775,-138222.79227207944,180,75,385,640,1.1881762722621828e+23,-1.969114639896572e+24
STRK_ETH,STRK,ETH,2024-02-23 09:00:00,1708678800,0.0006958221446188,-37027.74368639931,0.000729749101551,17270.996121619155,-19756.74756478016,6.810630729933535e+22,-7.745030899486479e+22,-9.34400169552944e+21,0.0006971234469215,0.0007022572524599,0.0006928902561324,1.7547064563863135e-06,620405.2281778887,-230134.8533097644,390270.37486812426,620405.2281778887,-230134.8533097644,390270.37486812426,188,66,740,994,6.810630729933535e+22,-7.745030899486479e+22
STRK_ETH,STRK,ETH,2024-02-23 10:00:00,1708682400,0.0006946672902126,-199722.47330910052,0.0007027993010141,165250.25762442523,-34472.21568467532,4.667179324383571e+22,-3.767565737533104e+22,8.996135868504673e+21,0.0006937617849484,0.0006986828357418,0.0006903318280588,1.4646516515947071e-06,166143.3006784288,-299279.843264215,-133136.5425857862,166143.3006784288,-299279.843264215,-133136.5425857862,231,49,593,873,4.667179324383571e+22,-3.767565737533104e+22
STRK_ETH,STRK,ETH,2024-02-23 11:00:00,1708686000,0.000687065357453,-36205.52546244905,0.0006796648120275,3862.783627656871,-32342.741834792178,6.6404086321472845e+22,-4.951596245183952e+21,6.145249007628889e+22,0.0007001141222493,0.0007042776374212,0.0006933677781435,2.272304144922978e-06,678298.1320992424,-299654.3379697895,378643.7941294529,678298.1320992424,-299654.3379697895,378643.7941294529,231,68,888,1187,6.6404086321472845e+22,-4.951596245183952e+21
STRK_ETH,STRK,ETH,2024-02-23 12:00:00,1708689600,0.000665173246543,-35954.36942021109,0.000665173246543,6349.731719197442,-29604.63770101365,4.055078535569341e+22,-4.857793801112951e+22,-8.027152655436095e+21,0.0006890463637628,0.0007009757432657,0.0006784706756288,6.559495095470347e-06,136509.047922263,-1952629.49516592,-1816120.4472436567,136509.047922263,-1952629.49516592,-1816120.4472436567,250,77,1014,1341,4.055078535569341e+22,-4.857793801112951e+22
STRK_ETH,STRK,ETH,2024-02-23 13:00:00,1708693200,0.0006718675702751,-41560.97713678243,0.000666963247522,8879.180075949806,-32681.79706083262,5.148338969313281e+22,-4.129955515694536e+22,1.0183834536187452e+22,0.0006783242644858,0.0006832503994736,0.0006744169803674,2.02338766135508e-06,911255.7195201056,-499308.9449488338,411946.774571272,911255.7195201056,-499308.9449488338,411946.774571272,234,43,1023,1300,5.148338969313281e+22,-4.129955515694536e+22
STRK_ETH,STRK,ETH,2024-02-23 14:00:00,1708696800,0.0006708263993808,-18988.65261864196,0.0006868726291634,5613.976251297482,-13374.67636734448,1.1831808877889864e+22,-2.3235805367379727e+22,-1.1403996489489863e+22,0.0006743484564355,0.0006851797655974,0.0006654081280395,6.030884339030741e-06,693873.7627084658,-2883181.823978045,-2189308.0612695795,693873.7627084658,-2883181.823978045,-2189308.0612695795,183,34,1179,1396,1.1831808877889864e+22,-2.3235805367379727e+22
STRK_ETH,STRK,ETH,2024-02-23 15:00:00,1708700400,0.0006534107893227,-38987.41607106743,0.0005514919245368,298363.70454554184,259376.2884744744,3.191998578352141e+22,-8.166346911009336e+22,-4.974348332657195e+22,0.000655547591781,0.0006689747044213,0.0006452923065163,6.945338656351558e-06,285891.9603997761,-2032857.2592506951,-1746965.2988509191,285891.9603997761,-2032857.2592506951,-1746965.2988509191,143,35,755,933,3.191998578352141e+22,-8.166346911009336e+22
STRK_ETH,STRK,ETH,2024-02-23 16:00:00,1708704000,0.0006381152042844,-13859.175725512445,0.0006204464149992,279.3516021532516,-13579.824123359193,1.085939666814348e+23,-3.83730233109343e+21,1.0475666435034135e+23,0.0006513837473781,0.0006589084940246,0.0006420935820036,3.972110383948626e-06,812148.0795346128,-346138.3785342816,466009.7010003312,812148.0795346128,-346138.3785342816,466009.7010003312,127,21,563,711,1.085939666814348e+23,-3.83730233109343e+21
STRK_ETH,STRK,ETH,2024-02-23 17:00:00,1708707600,0.0006565891434099,-16681.866976268022,0.000631849487069,1689.3714071449358,-14992.495569123086,1.196790040505448e+22,-7.680002680292324e+21,4.287897724762156e+21,0.0006578163699635,0.0006624979360946,0.0006543427779528,1.6207221397743962e-06,265859.089428085,-168613.48234889616,97245.60707918886,265859.089428085,-168613.48234889616,97245.60707918886,141,35,480,656,1.196790040505448e+22,-7.680002680292324e+21
STRK_ETH,STRK,ETH,2024-02-23 18:00:00,1708711200,0.0006605874638466,-18760.706622207697,0.0006648486922195,4126.277319895615,-14634.429302312084,1.0270521251918246e+22,-2.3209261078480172e+21,7.949595144070229e+21,0.0006604283317319,0.0006660748539952,0.0006585810989113,1.7695568028741996e-06,336252.0220382272,-142221.84307050452,194030.17896772263,336252.0220382272,-142221.84307050452,194030.17896772263,186,32,602,820,1.0270521251918246e+22,-2.3209261078480172e+21
STRK_ETH,STRK,ETH,2024-02-23 19:00:00,1708714800,0.0006561895715793,-17749.303089100642,0.0006858922648281,3778.1322767616552,-13971.170812338987,2.0824326760455834e+22,-5.9699213401068365e+22,-3.887488664061253e+22,0.0006644888351602,0.0006680283354088,0.0006625824582437,1.1919661818767452e-06,195193.43215653268,-83934.21604708892,111259.21610944376,195193.43215653268,-83934.21604708892,111259.21610944376,164,31,396,591,2.0824326760455834e+22,-5.9699213401068365e+22
STRK_ETH,STRK,ETH,2024-02-23 20:00:00,1708718400,0.0006684255708566,-23865.55072149357,0.0006646861677577,11057.690245778544,-12807.860475715028,1.289366294773111e+22,-1.2883156577090525e+22,1.0506370640586471e+19,0.000664298444734,0.000668536731267,0.0006625265910093,8.644890870763425e-07,72630.97063024246,-178946.61190928833,-106315.64127904589,72630.97063024246,-178946.61190928833,-106315.64127904589,153,28,390,571,1.289366294773111e+22,-1.2883156577090525e+22
STRK_ETH,STRK,ETH,2024-02-23 21:00:00,1708722000,0.0006483524333256,-27702.56524398199,0.000637354673727,1184.6904323352192,-26517.87481164677,2.243376899373704e+22,-7.851317648981439e+21,1.4582451344755598e+22,0.0006604741931508,0.0006644186247135,0.000658083929761,1.6645469281281894e-06,38502.01452822222,-408889.01328336576,-370386.9987551436,38502.01452822222,-408889.01328336576,-370386.9987551436,142,33,359,534,2.243376899373704e+22,-7.851317648981439e+21
STRK_ETH,STRK,ETH,2024-02-23 22:00:00,1708725600,0.0006420228653396,-18661.75350547552,0.0006365575926858,2162.938384697981,-16498.81512077754,2.0389716868101225e+22,-1.230995137699124e+22,8.079765491109983e+21,0.0006575915003105,0.000662208327207,0.00065345178224,2.3530552932697405e-06,84961.01073455124,-363730.13988801214,-278769.1291534609,84961.01073455124,-363730.13988801214,-278769.1291534609,140,28,370,538,2.0389716868101225e+22,-1.230995137699124e+22
STRK_ETH,STRK,ETH,2024-02-23 23:00:00,1708729200,0.0006481288323205,-14450.905076446148,0.0006852809506203,316.85669972853066,-14134.048376717616,1.048567507856968e+22,-1.6540000959567414e+21,8.83167498261294e+21,0.0006548099446304,0.0006602215272734,0.0006509229088863,1.7263515168987676e-06,226187.29080713552,-382404.6657372993,-156217.3749301638,226187.29080713552,-382404.6657372993,-156217.3749301638,132,15,515,662,1.048567507856968e+22,-1.6540000959567414e+21
STRK_ETH,STRK,ETH,2024-02-24 00:00:00,1708732800,0.0006472560722488,-37594.92856670718,0.0006311416665643,7973.925987561482,-29621.0025791457,2.5346375068369604e+22,-1.20936350839534e+22,1.3252739984416204e+22,0.0006545354978163,0.0006583936655249,0.0006510621707053,1.7338432771033622e-06,65837.37687557415,-220839.27477457083,-155001.89789899669,65837.37687557415,-220839.27477457083,-155001.89789899669,130,38,384,552,2.5346375068369604e+22,-1.20936350839534e+22
STRK_ETH,STRK,ETH,2024-02-24 01:00:00,1708736400,0.0006464794389861,-57788.7507318768,0.0006420366699601,23336.484600057665,-34452.26613181914,2.771764274339236e+22,-7.749958407080869e+21,1.996768433631149e+22,0.0006462408431378,0.000652896456183,0.0006404958519411,2.6165942027481245e-06,68123.463198129,-474828.9574943736,-406705.4942962446,68123.463198129,-474828.9574943736,-406705.4942962446,155,41,488,684,2.771764274339236e+22,-7.749958407080869e+21
STRK_ETH,STRK,ETH,2024-02-24 02:00:00,1708740000,0.0006461303034268,-100776.1155694383,0.000643285560495,5725.710829744946,-95050.40473969336,5.526120186784189e+22,-2.554526375553098e+22,2.971593811231092e+22,0.0006458888170408,0.0006497191425044,0.0006427427910224,1.5261885085009502e-06,135007.6848706738,-89881.68894434294,45125.99592633087,135007.6848706738,-89881.68894434294,45125.99592633087,181,38,363,582,5.526120186784189e+22,-2.554526375553098e+22
STRK_ETH,STRK,ETH,2024-02-24 03:00:00,1708743600,0.0006605674910556,-19185.69296702536,0.0006586405356186,1951.6861210919649,-17234.006845933392,8.781346231382845e+21,-6.149598696996015e+21,2.63174753438683e+21,0.0006449871258307,0.0006480478887399,0.0006434923605472,1.1196652264152004e-06,67519.45869393086,-345889.40370325843,-278369.94500932755,67519.45869393086,-345889.40370325843,-278369.94500932755,210,44,329,583,8.781346231382845e+21,-6.149598696996015e+21
STRK_ETH,STRK,ETH,2024-02-24 04:00:00,1708747200,0.0006099178897426,-9155.685353750923,0.0006381811226384,1025.4586647664305,-8130.226688984494,5.085167737454115e+21,-1.128922903414924e+21,3.956244834039191e+21,0.0006466476809951,0.0006501580207462,0.0006445143841625,1.2082854932512765e-06,132330.86585364543,-138412.17872394386,-6081.312870298425,132330.86585364543,-138412.17872394386,-6081.312870298425,202,42,454,698,5.085167737454115e+21,-1.128922903414924e+21
STRK_ETH,STRK,ETH,2024-02-24 05:00:00,1708750800,0.0006096013167633,-12782.50664409382,0.0006096013167633,3264.59021863058,-9517.91642546324,1.936144044720721e+22,-1.32081560808606e+22,6.153284366346616e+21,0.0006469373294418,0.0006496393479713,0.0006446534430624,1.05767292486275e-06,81026.09501463351,-51957.34019804225,29068.75481659126,81026.09501463351,-51957.34019804225,29068.75481659126,204,53,421,678,1.936144044720721e+22,-1.32081560808606e+22
STRK_ETH,STRK,ETH,2024-02-24 06:00:00,1708754400,0.0006156396207755,-9834.109267439044,0.000614584444658,37085.97975108047,27251.870483641425,5.895850908305548e+21,-1.9233573092134025e+22,-1.3337722183828476e+22,0.0006464211348914,0.0006505174226957,0.0006442332697379,1.6021556304984491e-06,149132.84258272816,-166160.2734251828,-17027.430842454633,149132.84258272816,-166160.2734251828,-17027.430842454633,284,66,543,893,5.895850908305548e+21,-1.9233573092134025e+22
STRK_ETH,STRK,ETH,2024-02-24 07:00:00,1708758000,0.0006586221245904,-18210.68760548745,0.0006222758418182,7729.619743220507,-10481.067862266944,9.433241723562276e+21,-7.411103907795928e+21,2.0221378157663465e+21,0.0006436830830225,0.0006466856936412,0.0006394334419963,1.6252519818617522e-06,266881.8769943824,-181707.7705744151,85174.10641996731,266881.8769943824,-181707.7705744151,85174.10641996731,300,69,563,932,9.433241723562276e+21,-7.411103907795928e+21
STRK_ETH,STRK,ETH,2024-02-24 08:00:00,1708761600,0.0006222758418182,-67420.56199654179,0.0006222758418182,29080.701352720032,-38339.86064382176,3.722128675775836e+22,-3.5234800431908394e+22,1.9864863258499644e+21,0.0006436244281501,0.0006459291801357,0.0006409340064545,1.1930987495078908e-06,41362.35291047,-82492.11575859449,-41129.76284812449,41362.35291047,-82492.11575859449,-41129.76284812449,284,75,377,736,3.722128675775836e+22,-3.5234800431908394e+22
STRK_ETH,STRK,ETH,2024-02-24 09:00:00,1708765200,0.0006690324962281,-15886.641864977077,0.0006690324962281,2766.4244026352703,-13120.217462341809,1.1040110427411631e+22,-2.3796405200665586e+21,8.660469907345073e+21,0.0006419894908001,0.0006447840306919,0.000640612226831,1.0761543072604213e-06,102060.2413206326,-64251.79510320968,37808.44621742291,102060.2413206326,-64251.79510320968,37808.44621742291,270,66,434,770,1.1040110427411631e+22,-2.3796405200665586e+21
STRK_ETH,STRK,ETH,2024-02-24 10:00:00,1708768800,0.0006313099511995,-31074.562437733843,0.0006310763602441,18433.713224937597,-12640.849212796247,3.371682116520321e+22,-7.704323340209454e+21,2.6012497824993755e+22,0.0006434548913302,0.0006467882087762,0.0006414604784288,8.373059188389447e-07,179302.95017906232,-135374.39977284498,43928.55040621734,179302.95017906232,-135374.39977284498,43928.55040621734,242,92,599,933,3.371682116520321e+22,-7.704323340209454e+21
STRK_ETH,STRK,ETH,2024-02-24 11:00:00,1708772400,0.0006428839707955,-35352.17860459076,0.0006428839707955,4832.679353421272,-30519.499251169487,2.15285001462835e+22,-7.235544638293132e+21,1.4292955507990366e+22,0.0006453447130616,0.0006495605370711,0.0006431975510363,1.281094509295695e-06,267524.8091640065,-147395.78234561582,120129.02681839072,267524.8091640065,-147395.78234561582,120129.02681839072,209,96,514,819,2.15285001462835e+22,-7.235544638293132e+21
STRK_ETH,STRK,ETH,2024-02-24 12:00:00,1708776000,0.0006457175900288,-39514.87827312325,0.0006478035460963,3344.9328855964686,-36169.94538752678,1.9464232563414053e+22,-4.098142744435041e+21,1.5366089818979013e+22,0.0006485743988657,0.0006518822597785,0.0006463448817101,1.0813658309389092e-06,126759.16433754256,-68787.42177943356,57971.74255810899,126759.16433754256,-68787.42177943356,57971.74255810899,234,89,509,832,1.9464232563414053e+22,-4.098142744435041e+21
STRK_ETH,STRK,ETH,2024-02-24 13:00:00,1708779600,0.0006571106787947,-20763.485040614825,0.0006578147862508,2827.6916311926416,-17935.793409422186,1.1525226444390392e+22,-3.29078290733638e+21,8.234443537054012e+21,0.0006518539212355,0.0006549294977099,0.0006480429621484,1.6758454926943258e-06,285679.8015629348,-95809.41126498336,189870.39029795147,285679.8015629348,-95809.41126498336,189870.39029795147,197,63,502,762,1.1525226444390392e+22,-3.29078290733638e+21
STRK_ETH,STRK,ETH,2024-02-24 14:00:00,1708783200,0.0006535976278941,-19514.386475588748,0.0006575511842478,14908.787073508553,-4605.599402080195,9.383098826043192e+21,-1.1639512335403855e+22,-2.2564135093606647e+21,0.0006497680687721,0.0006531362472809,0.0006473579673688,1.8122175564868035e-06,31929.88089845267,-270937.4801430101,-239007.5992445575,31929.88089845267,-270937.4801430101,-239007.5992445575,195,84,306,585,9.383098826043192e+21,-1.1639512335403855e+22
STRK_ETH,STRK,ETH,2024-02-24 15:00:00,1708786800,0.0006487228369748,-15450.749370968486,0.0006478211757004,8574.645799467182,-6876.103571501304,7.085110582868207e+21,-3.346070785976112e+21,3.739039796892096e+21,0.0006501398305494,0.0006537683711815,0.0006471011705376,1.927122587078543e-06,387938.7253840593,-52825.3917387264,335113.3336453329,387938.7253840593,-52825.3917387264,335113.3336453329,188,79,486,753,7.085110582868207e+21,-3.346070785976112e+21
STRK_ETH,STRK,ETH,2024-02-24 16:00:00,1708790400,0.0006440196480425,-37688.05173661448,0.0006423154419811,3705.158529938296,-33982.893206676184,3.212688879946495e+22,-1.228519779018566e+22,1.984169100927929e+22,0.0006542376006653,0.0006577703561824,0.0006502841080963,1.8341742714780088e-06,424016.7678978056,-497044.4427783204,-73027.67488051485,424016.7678978056,-497044.4427783204,-73027.67488051485,184,66,628,878,3.212688879946495e+22,-1.228519779018566e+22
STRK_ETH,STRK,ETH,2024-02-24 17:00:00,1708794000,0.0006314223277021,-11726.279817784967,0.0006156278562633,3998.518946632121,-7727.760871152846,9.215999781156892e+21,-1.3261101009706678e+21,7.889889680186223e+21,0.0006492596047551,0.0006539445830331,0.0006475956895246,1.2378528614622825e-06,21663.796774307382,-140476.16949012427,-118812.37271581688,21663.796774307382,-140476.16949012427,-118812.37271581688,111,36,214,361,9.215999781156892e+21,-1.3261101009706678e+21
STRK_ETH,STRK,ETH,2024-02-24 18:00:00,1708797600,0.000632982091341,-15163.274796754422,0.000632982091341,2185.963246587513,-12977.311550166907,9.583080559224814e+21,-7.149003924579367e+20,8.868180166766876e+21,0.0006476951344752,0.0006492118373282,0.0006458597301517,7.035601090002166e-07,52710.652474375,-160789.62164412544,-108078.96916975045,52710.652474375,-160789.62164412544,-108078.96916975045,104,34,318,456,9.583080559224814e+21,-7.149003924579367e+20
STRK_ETH,STRK,ETH,2024-02-24 19:00:00,1708801200,0.0006109139200361,-17641.79714215604,0.0006109139200361,2869.3804815656017,-14772.416660590436,1.2137792302789064e+22,-2.5124098051081005e+21,9.625382497680963e+21,0.0006477155167917,0.0006572937098217,0.0006453281050221,2.3536681652530837e-06,117728.12557708035,-42892.74734808033,74835.37822900004,117728.12557708035,-42892.74734808033,74835.37822900004,111,36,254,401,1.2137792302789064e+22,-2.5124098051081005e+21
STRK_ETH,STRK,ETH,2024-02-24 20:00:00,1708804800,0.0006418650713708,-9074.018205351478,0.0006518242622794,9832.10408839705,758.0858830455727,1.790189176184046e+22,-6.39997262347713e+21,1.150191913836333e+22,0.0006416021163531,0.0006500037674492,0.0006361082122695,3.63074566388017e-06,304149.22910556657,-875162.5776532714,-571013.3485477048,304149.22910556657,-875162.5776532714,-571013.3485477048,78,39,453,570,1.790189176184046e+22,-6.39997262347713e+21
STRK_ETH,STRK,ETH,2024-02-24 21:00:00,1708808400,0.0006293529697722,-9571.109263072924,0.0006039543248108,2352.292082789973,-7218.817180282953,1.3312241047209748e+22,-2.6867295955511794e+22,-1.3555054908302049e+22,0.0006362142983598,0.0006378323465859,0.0006338721086629,8.690322987736056e-07,23917.730389830947,-108597.61906264152,-84679.88867281057,23917.730389830947,-108597.61906264152,-84679.88867281057,130,55,302,487,1.3312241047209748e+22,-2.6867295955511794e+22
STRK_ETH,STRK,ETH,2024-02-24 22:00:00,1708812000,0.0006444454995174,-6732.255155946941,0.0006444454995174,2505.303610483061,-4226.95154546388,8.705051075070562e+21,-2.981829618897812e+21,5.72322145617275e+21,0.0006352112704572,0.0006371463658861,0.0006322684737307,1.048564552922754e-06,79682.18912998363,-128021.27599771852,-48339.086867734906,79682.18912998363,-128021.27599771852,-48339.086867734906,119,56,364,539,8.705051075070562e+21,-2.981829618897812e+21
STRK_ETH,STRK,ETH,2024-02-24 23:00:00,1708815600,0.0006207282675433,-16428.976848266368,0.0006207282675433,3715.7376305864695,-12713.2392176799,1.6786138300388425e+22,-3.4863900215974644e+21,1.329974827879096e+22,0.0006369192598981,0.0006386154876846,0.0006348562281168,6.843530146136317e-07,93027.8470499016,-33089.83022860396,59938.01682129765,93027.8470499016,-33089.83022860396,59938.01682129765,97,45,262,404,1.6786138300388425e+22,-3.4863900215974644e+21
STRK_ETH,STRK,ETH,2024-02-25 00:00:00,1708819200,0.0006207088200657,-7999.184321492385,0.0005861994852612,1787.9451442186337,-6211.239177273751,2.158554619311727e+22,-1.982859961402957e+22,1.756946579087694e+21,0.0006332813737169,0.0006364590368278,0.0006321614603826,1.1036992688510307e-06,29221.46829288578,-152889.38672741997,-123667.9184345342,29221.46829288578,-152889.38672741997,-123667.9184345342,83,43,243,369,2.158554619311727e+22,-1.982859961402957e+22
STRK_ETH,STRK,ETH,2024-02-25 01:00:00,1708822800,0.0006188795148752,-22858.193328835707,0.000609905071379,1839.335494208322,-21018.857834627383,1.4015606909153982e+22,-1.0574675483337131e+22,3.4409314258168484e+21,0.00063371533895,0.0006359558211796,0.000631646827785,8.023154268174774e-07,60084.96130217092,-79751.5135388596,-19666.55223668868,60084.96130217092,-79751.5135388596,-19666.55223668868,119,64,182,365,1.4015606909153982e+22,-1.0574675483337131e+22
STRK_ETH,STRK,ETH,2024-02-25 02:00:00,1708826400,0.0006155791744927,-85930.81698247985,0.0004230595159057,60790.39246797407,-25140.424514505787,1.5500594990023833e+22,-1.0368740689009697e+22,5.131854301014136e+21,0.0006318013653276,0.0006357950505384,0.0006300561230795,1.4109651498922688e-06,77886.06085934212,-208796.9341485572,-130910.87328921507,77886.06085934212,-208796.9341485572,-130910.87328921507,108,61,350,519,1.5500594990023833e+22,-1.0368740689009697e+22
STRK_ETH,STRK,ETH,2024-02-25 03:00:00,1708830000,0.0006433181148794,-11073.49606511082,0.0005693585583167,5669.524142253196,-5403.971922857623,4.064518718144e+21,-4.857981193817701e+21,-7.934624756737009e+20,0.0006302929995251,0.0006319085449823,0.0006287059060212,5.921263850397826e-07,33590.26822145839,-86721.9403432543,-53131.67212179591,33590.26822145839,-86721.9403432543,-53131.67212179591,138,54,218,410,4.064518718144e+21,-4.857981193817701e+21
