,Unnamed: 0,tag,token0,token1,date,timestamp,token0_daily_price_median_mint,token0_daily_amount_mint,token0_daily_price_median_burn,token0_daily_amount_burn,token0_daily_amount_net_mint_burn,liquidity_daily_sum_mint,liquidity_daily_sum_burn,liquidity_daily_net_mint_burn,token0_daily_price_median_swap,token0_daily_price_min_swap,token0_daily_price_max_swap,token0_daily_price_std_swap,token0_daily_amount_buy_swap,token0_daily_amount_sell_swap,token0_daily_amount_net_swap,total_events_daily_mint,total_events_daily_burn,total_events_daily_swap,total_events_daily
2,2,USDC_USDT,USDC,USDT,2023-08-25,1692921600,1.0,-1190.972789,,0.0,-1190.972789,490044364362.0,0.0,490044364362.0,,,,,,,,3,0,0,3
5,5,USDC_USDT,USDC,USDT,2023-08-26,1693008000,1.0,-324.821349,,0.0,-324.821349,55126477445.0,0.0,55126477445.0,,,,,,,,5,0,0,5
6,6,USDC_USDT,USDC,USDT,2023-08-27,1693094400,1.0285546786427149,-367.804886,1.028554724458924,99.699999,-268.104887,11091578313.0,-1746835806.0,9344742507.0,,,,,,,,10,1,0,11
8,8,USDC_USDT,USDC,USDT,2023-08-28,1693180800,0.7838029949904524,-163.690675,,0.0,-163.690675,3972488699.0,0.0,3972488699.0,,,,,,,,4,0,0,4
11,11,USDC_USDT,USDC,USDT,2023-08-29,1693267200,1.0285547166666666,-220.348921,,0.0,-220.348921,5025481074.0,0.0,5025481074.0,,,,,,,,7,0,0,7
12,12,USDC_USDT,USDC,USDT,2023-08-30,1693353600,1.0285547182987087,-314.210337,,0.0,-314.210337,24811090588.0,0.0,24811090588.0,,,,,,,,8,0,0,8
14,14,USDC_USDT,USDC,USDT,2023-08-31,1693440000,0.9994500944343324,-116.94552000000002,1.0,64.420959,-52.52456100000002,22930360852.0,-2621430131.0,20308930721.0,,,,,,,,12,3,0,15
16,16,USDC_USDT,USDC,USDT,2023-09-01,1693526400,1.0285547365974177,-219.914479,1.0285547272544344,290.696826,70.78234699999999,3015956222.0,-61286967280.0,-58271011058.0,,,,,,,,6,5,0,11
18,18,USDC_USDT,USDC,USDT,2023-09-02,1693612800,1.0,-54.83944699999999,1.0,26.763132,-28.076314999999997,15544011281.0,-13396299057.0,2147712224.0,,,,,,,,3,1,0,4
20,20,USDC_USDT,USDC,USDT,2023-09-03,1693699200,0.7336340256503787,-487.737768,,0.0,-487.737768,26985038808.0,0.0,26985038808.0,,,,,,,,26,0,0,26
22,22,USDC_USDT,USDC,USDT,2023-09-04,1693785600,1.0,-739.094479,1.0,1.799816,-737.294663,105028028375.0,-900899748.0,104127128627.0,,,,,,,,15,2,0,17
24,24,USDC_USDT,USDC,USDT,2023-09-05,1693872000,1.0285436666666667,-34.542939000000004,0.3858190533817337,43.746687,9.203747999999996,2382228659.0,-1710923839.0,671304820.0,,,,,,,,10,3,0,13
27,27,USDC_USDT,USDC,USDT,2023-09-06,1693958400,1.0,-112.683782,1.0285546735388411,2.990999,-109.692783,2161267685.0,-52405070.0,2108862615.0,0.99300625,0.99300625,0.99300625,,0.0,-0.32,-0.32,3,1,1,5
29,29,USDC_USDT,USDC,USDT,2023-09-07,1694044800,1.0,-76.575667,1.0,4.088565,-72.487102,2875174145.0,-506311248.0,2368862897.0,,,,,,,,7,3,0,10
31,31,USDC_USDT,USDC,USDT,2023-09-08,1694131200,1.0,-232.652177,0.4110393591814803,19.939998,-212.712179,89352382597.0,-1186714151.0,88165668446.0,,,,,,,,113,1,0,114
33,33,USDC_USDT,USDC,USDT,2023-09-09,1694217600,1.028288265,-499.448698,,0.0,-499.448698,130200396204.0,0.0,130200396204.0,,,,,,,,24,0,0,24
34,34,USDC_USDT,USDC,USDT,2023-09-10,1694304000,0.9695746665922904,-423.3953570000001,,0.0,-423.3953570000001,12138930701.0,0.0,12138930701.0,,,,,,,,29,0,0,29
37,37,USDC_USDT,USDC,USDT,2023-09-11,1694390400,1.02828828,-644.021694,1.0282882773492044,623.921787,-20.09990700000003,565483748549.0,-10860518309.0,554623230240.0,0.999583654405641,0.999583654405641,0.999583654405641,0.0,0.0,-2236.610673,-2236.610673,13,8,9,30
38,38,USDC_USDT,USDC,USDT,2023-09-12,1694476800,1.085623178206873,-6.081728,,0.0,-6.081728,598585391367.0,0.0,598585391367.0,,,,,,,,2,0,0,2
41,41,USDC_USDT,USDC,USDT,2023-09-13,1694563200,1.0282876288659797,-5959.948559,,0.0,-5959.948559,1044272173416.0,0.0,1044272173416.0,0.999596481121482,0.999596481121482,0.999596481121482,,101.49711,0.0,101.49711,5,0,1,6
43,43,USDC_USDT,USDC,USDT,2023-09-14,1694649600,0.9989001058317584,-27203.991328000004,1.040149684662755,98.508298,-27105.483030000003,14079816814705.0,-1730646147.0,14078086168558.0,0.9991199651288004,1.0009314544484134,0.996,0.0004233214279816,233482.302827,-226393.821574,7088.481253000005,21,2,827,850
44,44,USDC_USDT,USDC,USDT,2023-09-15,1694736000,0.97073036240799,-53593.46421700001,0.9668938660721196,14914.601958,-38678.86225900001,24598815029824.0,-2758901586799.0,21839913443025.0,0.999263583269137,1.0010274898602975,0.995028889165392,0.0004653173585265,1532285.030015,-1481969.584053,50315.44596200017,51,20,4255,4326
46,46,USDC_USDT,USDC,USDT,2023-09-16,1694822400,1.01830425,-107071.532714,1.018304889425753,23760.27109000001,-83311.26162399999,517384718946143.0,-9549060434586.0,507835658511557.0,0.9996242688668804,1.003601300563094,0.997,0.0002524278787412,2925105.532079,-2872844.584149,52260.94792999979,134,19,7804,7957
48,48,USDC_USDT,USDC,USDT,2023-09-17,1694908800,1.0164246115555555,-102625.125462,1.037188608411482,73310.57081199998,-29314.55465000002,156876362398215.0,-46710294207602.0,110166068190613.0,0.999783646263516,1.0043356825877323,0.9925,0.0006369077475689,3631364.068062,-3517712.679666,113651.38839600002,98,35,9024,9157
50,50,USDC_USDT,USDC,USDT,2023-09-18,1694995200,1.009618707879128,-59583.350513,1.0086070131021592,28430.965807,-31152.384706,365572067775675.0,-172807656055086.0,192764411720589.0,0.9996326874107416,1.0041065746195543,0.98989898989899,0.0004684657911883,1972969.898892,-1915331.197671,57638.70122099994,106,31,3749,3886
52,52,USDC_USDT,USDC,USDT,2023-09-19,1695081600,0.997063282548349,-36987.218185,0.9970634048285234,27040.356685,-9946.861499999995,45621569158474.0,-8778411133208.0,36843158025266.0,0.9997265162423338,1.002942091196767,0.995706262757498,0.0002626031333411,3548574.767311,-3498645.531399,49929.23591199983,106,35,7929,8070
55,55,USDC_USDT,USDC,USDT,2023-09-20,1695168000,0.9983886857142856,-125918.81678999998,1.0121226432434371,33500.631239,-92418.18555099996,439392811768270.0,-289314876741314.0,150077935026956.0,0.9998197379223784,1.0134454930634889,0.995910298064375,0.0006028660632067,3691410.990473,-3641422.997256001,49987.99321699934,78,36,7905,8019
57,57,USDC_USDT,USDC,USDT,2023-09-21,1695254400,0.9972057232623804,-82538.58103799999,1.0095349327667895,36118.561818,-46420.01921999999,685035454345962.0,-429440543201123.0,255594911144839.0,0.9999881654132174,1.0029639246659117,0.9945672945451418,0.0002763488658353,3600331.365573,-3581901.5835800003,18429.78199299984,70,27,7869,7966
59,59,USDC_USDT,USDC,USDT,2023-09-22,1695340800,0.983062215587065,-57419.795478,0.9565723701923234,60800.595935,3380.8004569999976,574773385656600.0,-677806917042069.0,-103033531385469.0,0.999872336946982,1.0126582278481011,0.9931818181818182,0.0003661317120064,3051878.470228,-3100897.4362230003,-49018.96599500068,74,28,7114,7216
61,61,USDC_USDT,USDC,USDT,2023-09-23,1695427200,1.0099371389685847,-62749.20013700001,1.010286531333694,24355.263256,-38393.936881,569113039647310.0,-452348023388267.0,116765016259043.0,0.9998013414579132,1.003736099189494,0.997,0.0001739886927756,5004891.969291,-4962037.972281,42853.99701000005,89,55,9194,9338
63,63,USDC_USDT,USDC,USDT,2023-09-24,1695513600,1.0194524780854068,-116391.43612,1.021707763852678,64302.571864000005,-52088.86425599999,923335701274027.0,-245044739276239.0,678290961997788.0,0.9997993330294046,1.0040731952425557,0.9873618,0.0002227816472801,5215056.211314,-5118176.000527,96880.21078700012,144,68,7824,8036
65,65,USDC_USDT,USDC,USDT,2023-09-25,1695600000,1.0184971098265896,-72244.23376399999,1.0328935875861789,45874.694388,-26369.539375999982,431434711304870.0,-254717349549558.0,176717361755312.0,0.9999462508956029,1.0101010101010102,0.9857142857142857,0.0002747146306103,4652947.300395001,-4471242.853073999,181704.44732100144,151,45,8050,8246
66,66,USDC_USDT,USDC,USDT,2023-09-26,1695686400,0.9996001798920648,-81890.025252,1.0319145071824016,79735.56803499999,-2154.4572170000174,1262738700432664.0,-481375317952079.0,781363382480585.0,0.9999646455633642,1.0416666666666667,0.9968285292572208,0.0005281761647732,4070493.538847,-3996514.983765,73978.55508199986,111,48,7304,7463
69,69,USDC_USDT,USDC,USDT,2023-09-27,1695772800,0.9998633089384784,-102169.063789,1.0000308303217411,72722.00984200001,-29447.053946999997,2171096761989708.8,-2074325083407366.0,96771678582343.0,0.9999971111880278,1.006711409395973,0.9969605427306684,0.000240024928269,3535482.1185520003,-3387962.4822770003,147519.63627499994,76,49,4886,5011
70,70,USDC_USDT,USDC,USDT,2023-09-28,1695859200,1.0053651192293822,-89345.30942499998,1.0053651032612596,84517.192235,-4828.11718999999,1996973147507591.2,-2896426697533319.0,-899453550025728.0,1.0002204913113808,1.0034679773144273,0.998,0.0002734579329588,3845248.0443520006,-3665014.949473,180233.09487900045,271,52,5937,6260
72,72,USDC_USDT,USDC,USDT,2023-09-29,1695945600,1.004259632225735,-68781.643694,1.006441463257084,32204.204832,-36577.438862,842911903601046.0,-156787167732862.0,686124735868184.0,1.0002392991200466,1.0333333333333334,0.997228397803241,0.0005618066671834,2810004.889935,-2844580.187834,-34575.29789900035,1254,48,4488,5790
74,74,USDC_USDT,USDC,USDT,2023-09-30,1696032000,1.0034552845528455,-56350.281581,1.0036463148561472,110545.25600999998,54194.97442899998,539576428915226.0,-542049589086170.0,-2473160170944.0,1.0002587692119114,1.003526183088115,0.9952380952380953,0.000297612728524,3955830.33629,-3991095.735128,-35265.39883800037,2865,44,5749,8658
76,76,USDC_USDT,USDC,USDT,2023-10-01,1696118400,1.00018779342723,-343229.255963,1.0002111478761035,61471.386838,-281757.869125,3941034100478053.0,-3991933171364982.5,-50899070886929.0,1.0000660974373752,1.0030817787379884,0.99,0.0002706076998153,2909466.06227,-3163911.345953,-254445.28368300013,1885,91,4260,6236
79,79,USDC_USDT,USDC,USDT,2023-10-02,1696204800,0.9968414314171884,-225526.650125,0.9913457836843704,65652.483008,-159874.16711699998,1248232429762495.0,-1162478463486654.0,85753966275841.0,0.9997642501811947,1.053112891582963,0.982512,0.0012980471250875,1234965.902232,-1333990.654869,-99024.75263699982,1762,63,1963,3788
80,80,USDC_USDT,USDC,USDT,2023-10-03,1696291200,0.9662961943803065,-325565.769717,0.9537509923404844,200432.085998,-125133.683719,3970281241862887.0,-3220230729249535.0,750050512613352.0,0.9997055970729846,1.0416666666666667,0.976923076923077,0.0007298492869114,3025658.966305,-2982795.824335,42863.14196999976,3477,55,7016,10548
82,82,USDC_USDT,USDC,USDT,2023-10-04,1696377600,0.9874919334252688,-109245.638654,0.9845822666506824,60752.517978,-48493.120676000006,2431037850748310.0,-733064554858132.0,1697973295890178.0,0.9997225962336428,1.0538702734104433,0.9933333333333334,0.0006480291231161,4099433.598662,-4082773.760569,16659.838093,5199,77,8010,13286
85,85,USDC_USDT,USDC,USDT,2023-10-05,1696464000,0.98825,-32593.70952,0.9983887418873144,32084.846258,-508.8632619999989,858781488412809.0,-240195035394270.0,618586453018539.0,0.9997541711428398,1.0029952802904898,0.9969153221055412,0.000172534085187,3969401.768037,-3878478.099447,90923.6685899999,401,433,7127,7961
87,87,USDC_USDT,USDC,USDT,2023-10-06,1696550400,0.99144,-305637.305876,0.9993927583417974,104958.519436,-200678.78644000005,1.0675391079411596e+16,-1.122797799662452e+16,-552586917212924.0,0.9998436479068984,1.0030618613544078,0.951146,0.0006087663662633,4395010.893402001,-4175883.160991,219127.73241100088,327,866,7568,8761
89,89,USDC_USDT,USDC,USDT,2023-10-07,1696636800,0.9968126917177914,-63733.782025,0.9996323957203084,43718.072687,-20015.709338,1901507161165163.2,-1237558872675229.0,663948288489934.0,0.9998722730267398,1.0077093240550452,0.9969795984096382,0.0001932663820314,4001869.62197,-4065125.455936,-63255.83396599954,230,497,8357,9084
90,90,USDC_USDT,USDC,USDT,2023-10-08,1696723200,0.9925478982129672,-202767.488522,0.9958286234931664,270069.928005,67302.439483,1.783256625527694e+16,-1.7422371970557758e+16,410194284719182.0,0.9997850697024536,1.0539320490262256,0.986841205810385,0.0008027332411457,3657291.773626,-3827173.51955,-169881.74592400016,179,537,9154,9870
93,93,USDC_USDT,USDC,USDT,2023-10-09,1696809600,0.9774528558823528,-178731.812635,0.9939741071704012,219220.78868,40488.97604499999,8247150983383590.0,-7029921292953530.0,1217229690430061.0,0.9997502049001212,1.0544037668357849,0.9871606412788828,0.0006281255717181,3208085.467675,-3093124.909669,114960.55800600024,369,406,13060,13835
95,95,USDC_USDT,USDC,USDT,2023-10-10,1696896000,0.9837131222771122,-127854.66631,0.9833303808862042,143163.781016,15309.114706000008,6138350955909683.0,-4403527022944590.5,1734823932965093.0,0.9997450209016256,1.003018831400337,0.9718309859154928,0.0002540611334725,3432409.609825,-3306765.913509,125643.69631600007,736,323,19389,20448
96,96,USDC_USDT,USDC,USDT,2023-10-11,1696982400,0.9776319786514206,-325376.63680700003,0.97747676207963,321145.262968,-4231.373839000065,4103884164775017.5,-9620457192156464.0,-5516573027381446.0,0.9997396504490866,1.0030743294443427,0.9866666666666668,0.0002452165655733,3530708.48302,-3383123.025005,147585.45801499998,651,303,8057,9011
98,98,USDC_USDT,USDC,USDT,2023-10-12,1697068800,0.9989123623511904,-127991.35635,0.9998428890921224,61455.090946,-66536.26540399999,5011819044038047.0,-4146210709907216.0,865608334130831.0,0.9999104716757294,1.131578947368421,0.7999999999999999,0.006651298812426,2863921.102991,-2678757.277346,185163.8256449997,529,260,7697,8486
101,101,USDC_USDT,USDC,USDT,2023-10-13,1697155200,0.99994,-163700.568238,0.999940732760546,87199.271277,-76501.296961,6313927387885262.0,-4173760860435569.5,2140166527449692.0,0.9999509077148298,1.0285714285714287,0.98,0.0004707423938981,3259098.388096,-3205796.55876,53301.82933600014,469,166,10069,10704
102,102,USDC_USDT,USDC,USDT,2023-10-14,1697241600,1.0003335180858344,-151592.06574700002,1.0000393794861115,44290.733463,-107301.33228400002,3923404120579624.0,-6746023680843154.0,-2822619560263530.0,1.0000183050374707,1.020408163265306,0.5,0.0138848841271416,4513360.9498580005,-4371858.134446,141502.81541200075,459,179,9084,9722
105,105,USDC_USDT,USDC,USDT,2023-10-15,1697328000,1.0003185051491663,-125490.686149,1.0000024372826248,124223.326798,-1267.359350999977,2687312342867817.0,-2192659027935883.2,494653314931934.0,1.0000128108401922,1.0027603513174406,0.5,0.0103499445915224,3311813.019709,-3252523.463604,59289.55610499997,452,291,9337,10080
106,106,USDC_USDT,USDC,USDT,2023-10-16,1697414400,1.000307427019835,-138451.352106,1.0013761262843133,127401.998169,-11049.353937000007,3788563540770105.5,-3394589717105007.0,393973823665099.0,1.0000037983555463,1.0105263157894735,0.9923076923076924,0.000253161670333,5201778.859858001,-5156793.650278,44985.20958000049,430,135,8815,9380
108,108,USDC_USDT,USDC,USDT,2023-10-17,1697500800,1.0003552986060569,-91809.627645,1.0002271135701446,96697.398013,4887.770367999998,2589907154577391.0,-2010320301425540.0,579586853151851.0,0.9999880328476496,1.007936507936508,0.95,0.0006368074035724,5363442.790795,-5438530.827773999,-75088.03697899915,803,189,8965,9957
110,110,USDC_USDT,USDC,USDT,2023-10-18,1697587200,1.0000119013828366,-131063.027892,1.000011897606427,111443.532529,-19619.49536300001,8188416749069210.0,-3442951835874144.0,4745464913195065.0,0.9999785989146056,1.0285714285714287,0.9906832298136644,0.0003851718250245,4551519.434522,-4495206.931498,56312.50302399974,398,166,7135,7699
113,113,USDC_USDT,USDC,USDT,2023-10-19,1697673600,1.0000118983465769,-183167.362205,1.0000118924415795,175255.748424,-7911.613781000022,1.3788270002869242e+16,-1.516390801718814e+16,-1375638014318898.0,0.9999457906549392,1.0016433993334295,0.975609756097561,0.0003103940722779,4395666.907344,-4504043.786295,-108376.87895100098,411,158,9090,9659
114,114,USDC_USDT,USDC,USDT,2023-10-20,1697760000,0.9939474584153782,-34175.25031,0.9961219450405248,94139.575417,59964.32510699999,2188415808246704.8,-4049003194296558.5,-1860587386049852.8,0.999871344883466,2.0,0.9591836734693876,0.012908460238845,3082036.135563,-3170592.031152,-88555.89558899961,459,176,6018,6653
116,116,USDC_USDT,USDC,USDT,2023-10-21,1697846400,0.99233,-42676.5372,0.9923309265767294,25571.123287,-17105.413912999997,406864896895724.0,-5057364364914571.0,-4650499468018847.0,0.9998074557233588,1.0071942446043165,0.985,0.0002101365407314,4664841.149114,-4803301.855307,-138460.70619300008,411,135,8814,9360
118,118,USDC_USDT,USDC,USDT,2023-10-22,1697932800,0.9745545456684996,-88749.08750600001,0.9745545744316424,96691.572989,7942.485482999997,1421745366855015.0,-1470050892137574.0,-48305525282559.0,0.9996471731973468,1.1111111111111112,0.984771573604061,0.0012392480166517,4108614.77686,-4194611.997539,-85997.22067900002,407,155,8423,8985
121,121,USDC_USDT,USDC,USDT,2023-10-23,1698019200,1.017678,-93497.844573,0.9268769675275638,105431.281813,11933.437239999985,1272718827134075.0,-2213047031207216.8,-940328204073142.0,0.9995475481125632,1.0101010101010102,0.9743589743589745,0.0004119701026904,2727436.8817680003,-2873758.2674280005,-146321.38566000017,318,103,5277,5698
123,123,USDC_USDT,USDC,USDT,2023-10-24,1698105600,0.9670548756878814,-9805.525372,0.969291562952931,6748.93335,-3056.592022,11190324978910.0,-20095948456125.0,-8905623477215.0,0.9995284308417034,1.021276595744681,0.997,0.0005068262333408,1364680.761278,-1323696.714472,40984.04680599994,228,48,2658,2934
125,125,USDC_USDT,USDC,USDT,2023-10-25,1698192000,0.974409726756144,-80500.117234,0.9618515347960837,77151.486565,-3348.6306690000056,326491043502751.0,-374952462288540.0,-48461418785789.0,0.9997066901494176,1.0010010010010009,0.997,0.0001278288985237,2340000.246791,-2326632.543726,13367.703065000009,281,117,4053,4451
126,126,USDC_USDT,USDC,USDT,2023-10-26,1698278400,0.96185,-9922.840388,0.9548436459593412,71795.499916,61872.659528,4199179845863.0,-252723881388549.0,-248524701542686.0,0.999678869521149,1.0010010010010009,0.997,0.0001059395762293,1241101.770516,-1277516.777075,-36415.006558999885,188,65,2669,2922
129,129,USDC_USDT,USDC,USDT,2023-10-27,1698364800,0.9548436261625084,-49326.284047,0.9548436281668736,15260.932287,-34065.35175999999,445683434360284.0,-252046980430284.0,193636453930000.0,0.9996870533723404,1.0045454545454546,0.9895470383275262,0.0002619478318297,2129526.383203,-2054145.994313,75380.38888999983,167,69,3877,4113
130,130,USDC_USDT,USDC,USDT,2023-10-28,1698451200,0.9533440543370328,-16988.881206,0.9533440522991106,19200.736464,2211.8552580000032,12886546378706.0,-57173613296116.0,-44287066917410.0,0.9997154576794226,1.000118909531219,0.997,6.713505213121853e-05,2620604.90207,-2621831.702365,-1226.8002949999643,246,96,5281,5623
132,132,USDC_USDT,USDC,USDT,2023-10-29,1698537600,0.9533440558077504,-48400.785579,0.9533440566901308,55033.729505,6632.943925999993,261902649856031.0,-333680892173301.0,-71778242317270.0,0.9996713692130216,1.0010010010010009,0.997,0.0001121435172365,3799496.128141,-3814049.567554,-14553.439412999898,293,122,6453,6868
134,134,USDC_USDT,USDC,USDT,2023-10-30,1698624000,0.9531374106433678,-13307.401039,0.9987985780134798,14876.556493000002,1569.1554540000016,26710864384693.0,-36971124679358.0,-10260260294665.0,0.9996851934316446,1.0002611892530842,0.9933333333333334,0.0001348811339784,2049118.117006,-2056613.960815,-7495.843809000216,160,89,3331,3580
137,137,USDC_USDT,USDC,USDT,2023-10-31,1698710400,0.99284169841959,-38440.24696900001,0.9928417322431836,6171.929747,-32268.317222000005,189586939010649.0,-205037215849593.0,-15450276838944.0,0.9995780030615002,0.9998995500760524,0.974025974025974,0.0005425392029944,1239274.57379,-1244453.9187019998,-5179.344911999768,163,53,2507,2723
138,138,USDC_USDT,USDC,USDT,2023-11-01,1698796800,0.9888519153194264,-24632.429684,0.9888520398414918,9200.074346999998,-15432.355337000005,44572881068256.0,-12948408356575.0,31624472711681.0,0.9995903389891926,1.0091743119266054,0.9857142857142857,0.0004142293624984,1546258.824292,-1488861.5424450005,57397.28184699966,213,90,3441,3744
141,141,USDC_USDT,USDC,USDT,2023-11-02,1698883200,0.9888519053969342,-22805.601269,0.988851973467518,8569.078379,-14236.522889999998,28530003233003.0,-13430882518357.0,15099120714646.0,0.9996790340510012,1.0010010010010009,0.997,9.73279131052783e-05,1387998.703135,-1397595.127119,-9596.423983999994,206,64,2963,3233
143,143,USDC_USDT,USDC,USDT,2023-11-03,1698969600,0.988851909090909,-23798.310373,0.9888519123638144,18257.157674,-5541.152699000002,40674964035285.0,-52212729099837.0,-11537765064552.0,0.9996550453058306,1.0012515644555695,0.9803921568627452,0.000349019090081,1884527.246542,-1879066.447998,5460.798543999903,228,90,3421,3739
145,145,USDC_USDT,USDC,USDT,2023-11-04,1699056000,0.988851896865837,-45484.640279,0.9888519161032072,19791.039668,-25693.600611,135172809004848.0,-269134461933673.0,-133961652928825.0,0.999710079232588,1.000396308164829,0.990625,0.0001740100550436,2478743.629586,-2380860.010798,97883.6187880002,455,149,4733,5337
147,147,USDC_USDT,USDC,USDT,2023-11-05,1699142400,0.990372213515484,-31985.665265,0.9903722196699124,26386.579698,-5599.085566999998,500560670112250.0,-75556225089856.0,425004445022394.0,0.9996844732388868,1.0044642857142858,0.997,0.0001206703093546,2212215.253524,-2211096.947582,1118.30594199989,320,160,4379,4859
148,148,USDC_USDT,USDC,USDT,2023-11-06,1699228800,0.9903722177777778,-11855.612267,0.990372218150977,13034.150119,1178.5378519999997,12448383770243.0,-31566596738984.0,-19118212968741.0,0.999653923355559,1.0001138779440566,0.997,0.0001022363780613,864757.218422,-816469.980463,48287.23795899993,139,66,1665,1870
150,150,USDC_USDT,USDC,USDT,2023-11-07,1699315200,0.9937991258561172,-21475.557788,0.9937992990676864,16340.782265000002,-5134.775522999997,10930704690495.0,-5019422435819.0,5911282254676.0,0.9996912711511378,1.0010010010010009,0.997,0.0001038093485772,1564995.828665,-1508304.333825,56691.49483999983,143,53,2030,2226
152,152,USDC_USDT,USDC,USDT,2023-11-08,1699401600,0.9937993140506444,-18869.875908,0.9937993136444208,16482.064149,-2387.811759,13904929944924.0,-12304947131250.0,1599982813674.0,0.9997696789934633,1.0112359550561798,0.9995297355628818,0.0003328133230342,1000582.603661,-965943.542962,34639.06069899991,113,54,2018,2185
154,154,USDC_USDT,USDC,USDT,2023-11-09,1699488000,0.9937993121959856,-7858.161211999999,0.9937993143872318,17888.571537,10030.410325,17626635146062.0,-80210520294499.0,-62583885148437.0,0.9997581328110916,1.0005011257721146,0.9993723330210896,9.516029398387952e-05,856851.6638529999,-773104.380304,83747.28354899993,64,33,928,1025
156,156,USDC_USDT,USDC,USDT,2023-11-10,1699574400,0.9937993,-6111.182718,0.9937993151470146,7181.961815,1070.7790969999996,7747814117196.0,-17252617113568.0,-9504802996372.0,0.9997457963432468,1.0101010101010102,0.98,0.0008958932695928,705458.870943,-753795.100991,-48336.230048,44,30,1125,1199
158,158,USDC_USDT,USDC,USDT,2023-11-11,1699660800,0.9937993139548236,-10720.145592,0.99379931498271,7424.748786,-3295.396805999999,18380241413575.0,-5009101850936.0,13371139562639.0,0.9997728895469532,1.0002677376171352,0.9991867714827868,5.152425984090834e-05,1488030.782258,-1462964.449518,25066.332739999983,114,58,2933,3105
160,160,USDC_USDT,USDC,USDT,2023-11-12,1699747200,0.9937993112407496,-30871.91818,0.9937993330533376,12626.166701000002,-18245.751479,118829276696418.0,-83692001849029.0,35137274847389.0,0.9998075235031564,1.5,0.95,0.0077694564962384,1998578.974468,-1981714.716804,16864.25766400015,162,88,4491,4741
163,163,USDC_USDT,USDC,USDT,2023-11-13,1699833600,0.9937993154660107,-9693.050682999998,0.9937993153119552,6174.068129,-3518.982553999997,9965412649297.0,-18807985026644.0,-8842572377347.0,0.9998220630722418,1.0101010101010102,0.9995640318126388,0.0002550609264848,1156816.769617,-1106167.083596,50649.68602100015,98,34,1701,1833
165,165,USDC_USDT,USDC,USDT,2023-11-14,1699920000,0.993799315657394,-19648.783559,0.9937993148017016,13742.375613,-5906.407945999999,16807740749217.0,-88168256050343.0,-71360515301126.0,0.9998498712526204,1.0010010010010009,0.999250685325802,7.129901697745672e-05,1496155.961669,-1407770.6623449998,88385.29932400002,120,28,2835,2983
167,167,USDC_USDT,USDC,USDT,2023-11-15,1700006400,0.999861,-6137.786093,0.9937993098355088,10083.132196,3945.3461030000008,2165262358136.0,-5841852398339.0,-3676590040203.0,0.999837547653259,1.1111111111111112,0.9990791111403085,0.0020362652588617,1553153.567407,-1550218.279021,2935.2883859998547,79,64,2990,3133
169,169,USDC_USDT,USDC,USDT,2023-11-16,1700092800,0.9999380547861588,-21836.484093,0.993800128964499,15768.219896,-6068.264197,57227601298095.0,-48958742185997.0,8268859112098.0,0.9998587286003242,1.000518335808176,0.998,7.814207240629956e-05,1944342.318274,-1921499.472317,22842.845957000274,95,59,4496,4650
170,170,USDC_USDT,USDC,USDT,2023-11-17,1700179200,1.0000994311457043,-20608.991889,1.010041980637166,12720.155206,-7888.836682999998,82446240488437.0,-88845759201400.0,-6399518712963.0,0.9999667649826224,1.0010010010010009,0.997,0.0001125804196251,2914278.244236,-2828202.873091,86075.37114499975,122,62,6710,6894
173,173,USDC_USDT,USDC,USDT,2023-11-18,1700265600,1.0003160330541383,-36572.902685,1.0322686539390904,22248.237462,-14324.665223000004,238372793181639.0,-153695633716808.0,84677159464831.0,0.9999337649906016,1.0010010010010009,0.997,0.0001028487919529,5277794.660627,-5237738.250347,40056.41028000042,186,82,12068,12336
175,175,USDC_USDT,USDC,USDT,2023-11-19,1700352000,1.0000469187284209,-58132.44336800001,1.002134086870193,68190.20626899999,10057.76290099998,1146770375432060.0,-968077509303745.0,178692866128315.0,0.9998465501658276,1.0344827586206895,0.9903225806451612,0.0003897304920618,4513355.575680001,-4528752.807693001,-15397.232013000175,293,176,10403,10872
176,176,USDC_USDT,USDC,USDT,2023-11-20,1700438400,1.000228149401,-34969.640163000004,1.000021213908667,19354.542162,-15615.098001000006,1592351329904673.0,-1544467162084592.0,47884167820081.0,0.9996900871171152,1.0021978021978022,0.9934782608695653,0.0001481648868922,2478461.057335,-2499605.791187,-21144.733851999976,125,65,5112,5302
178,178,USDC_USDT,USDC,USDT,2023-11-21,1700524800,1.0000212166868196,-90943.374837,1.0000212469261849,65974.599326,-24968.77551100001,334075464122506.0,-661072441437126.0,-326996977314620.0,0.9996128226918004,1.0065359477124185,0.9808917197452228,0.0005201784415297,1113284.868944,-1061553.063167,51731.80577700003,77,76,2708,2861
180,180,USDC_USDT,USDC,USDT,2023-11-22,1700611200,1.0000051399999998,-28749.160896,1.0005185558264935,31082.939524,2333.778628,81769179486328.0,-24775209253028.0,56993970233300.0,0.9996434604990886,1.0010010010010009,0.988095238095238,0.0002362867116653,1754688.842326,-1774580.9323529997,-19892.09002699959,95,101,3275,3471
183,183,USDC_USDT,USDC,USDT,2023-11-23,1700697600,0.999903,-39648.325245,0.9903552388033317,25577.231348000005,-14071.093896999995,99967038282490.0,-35137427817850.0,64829610464640.0,0.9996188657436992,1.0010010010010009,0.9969909729187564,0.0001109281051494,1680442.752873,-1638645.70354,41797.04933299986,125,87,3722,3934
185,185,USDC_USDT,USDC,USDT,2023-11-24,1700784000,0.9997900040850646,-112172.390209,0.9995925187694068,79610.708758,-32561.68145100001,506738770396218.0,-462606384804068.0,44132385592150.0,0.9996174417063012,1.0010010010010009,0.9892086330935254,0.0001808851100013,2468202.4810160003,-2442943.927848,25258.553168000188,132,130,5761,6023
187,187,USDC_USDT,USDC,USDT,2023-11-25,1700870400,0.9997900030768668,-95443.940193,0.985481225811224,99334.271231,3890.3310380000185,340509666950750.0,-279268443016434.0,61241223934316.0,0.9996143411058276,1.0098902631724656,0.997,0.0002157887665745,4078576.567887,-4000632.487983,77944.07990400027,228,218,8918,9364
189,189,USDC_USDT,USDC,USDT,2023-11-26,1700956800,0.9998850751065697,-97905.90626,0.9885223135310331,105838.928318,7933.022058000002,251113174000073.0,-232094119631551.0,19019054368522.0,0.9996125222436204,1.1111111111111112,0.997,0.0012683592595245,3985248.650422,-3977869.086376,7379.564045999199,492,167,7853,8512
190,190,USDC_USDT,USDC,USDT,2023-11-27,1701043200,0.999792270433266,-170677.253313,0.999792255503261,131431.568023,-39245.68529,208284376501439.0,-243975371630714.0,-35690995129275.0,0.9995951885533364,1.0086206896551724,0.996,0.0001797057005797,2697802.905382,-2628999.795726,68803.10965600004,357,230,6777,7364
193,193,USDC_USDT,USDC,USDT,2023-11-28,1701129600,0.9997922549470556,-124162.09604499998,0.999792254493157,125418.499091,1256.4030460000213,25193209186408.0,-11099701209338.0,14093507977070.0,0.99959887595656,1.0010010010010009,0.997,6.812564284718652e-05,1743083.334626,-1672966.6627389998,70116.67188700032,326,224,4131,4681
195,195,USDC_USDT,USDC,USDT,2023-11-29,1701216000,0.9591927266460848,-142184.055779,0.9591927280963192,137316.99609099998,-4867.0596880000085,509379166217871.0,-340205690585349.0,169173475632522.0,0.999646649981648,1.001005025125628,0.998,9.539892390896882e-05,3000929.3495110003,-2946191.940784,54737.40872700047,287,211,5066,5564
197,197,USDC_USDT,USDC,USDT,2023-11-30,1701302400,0.9986558485085216,-68252.345711,0.9997872628802896,70644.64128499999,2392.295573999989,581610243686097.0,-464637945902834.0,116972297783263.0,0.9997068374900316,1.2500000000000002,0.997,0.0032272157682153,3130209.117949,-3028244.978854,101964.139095,180,135,6024,6339
198,198,USDC_USDT,USDC,USDT,2023-12-01,1701388800,0.9825416666666666,-95135.732086,0.9788443504498532,103743.861433,8608.129346999995,863938623273389.0,-1011238277602741.0,-147299654329352.0,0.9997424899825936,1.000333444481494,0.997,8.26416868718358e-05,2238821.81157,-2222056.418302,16765.393268000335,135,198,3794,4127
200,200,USDC_USDT,USDC,USDT,2023-12-02,1701475200,1.024104,-18077.569876,0.9997814269558576,15789.538468,-2288.031407999999,1349547445089317.0,-1497612003008356.0,-148064557919039.0,0.9998653744417868,1.0333333333333334,0.9393939393939392,0.0014510020028796,922407.70971,-845720.7582769999,76686.95143300015,69,151,2831,3051
202,202,USDC_USDT,USDC,USDT,2023-12-03,1701561600,1.0,-25370.262352,0.9788443654850594,16888.282404,-8481.979947999997,467057164732544.0,-163730865072049.0,303326299660495.0,0.9999032195054248,1.0476190476190477,0.998,0.0010272985023673,730785.187539,-725966.6866610001,4818.500877999817,96,294,2166,2556
204,204,USDC_USDT,USDC,USDT,2023-12-04,1701648000,1.0422480999686856,-18341.17112,0.9783814297481848,15366.510234,-2974.660886,132407953785465.0,-193865433666369.0,-61457479880904.0,0.9998822881317304,1.0000542949376758,0.9992804715109772,5.382689785675703e-05,358488.765064,-391379.843922,-32891.07885800005,47,55,835,937
207,207,USDC_USDT,USDC,USDT,2023-12-05,1701734400,1.0241474748836357,-6054.863306,0.9997781742208676,11696.744236,5641.880929999998,96798432104333.0,-50243695923496.0,46554736180837.0,0.9998723306099472,1.0002728512960437,0.9969272987008968,0.0001209508234174,583343.8846239999,-644341.081431,-60997.19680700009,38,75,702,815
209,209,USDC_USDT,USDC,USDT,2023-12-06,1701820800,0.9902451738055972,-6667.141048,0.9974902136497258,2364.784177,-4302.356871,121504555329949.0,-5158858946957.0,116345696382992.0,0.999897816661554,1.0010010010010009,0.9997508279996116,7.59501535142572e-05,244764.10863,-314269.422673,-69505.31404300002,32,17,507,556
211,211,USDC_USDT,USDC,USDT,2023-12-07,1701907200,0.9739460770782395,-9955.368909,0.9770150510602228,7050.928111,-2904.4407979999987,94468219701484.0,-147465005796061.0,-52996786094577.0,0.999911635756818,1.0001536509291438,0.9994138955980318,6.58437077414054e-05,408299.511231,-579945.8799680001,-171646.3687370001,68,69,999,1136
213,213,USDC_USDT,USDC,USDT,2023-12-08,1701993600,1.0007889181553504,-28055.951866000003,0.9770149976290016,13139.171473,-14916.780393000005,265857380638138.0,-117311228351524.0,148546152286614.0,0.9997727064086328,0.9999230963576335,0.997,8.11317989121561e-05,1281389.231698,-1532708.173521,-251318.9418230001,114,96,2197,2407
214,214,USDC_USDT,USDC,USDT,2023-12-09,1702080000,0.971360613689884,-34750.217739,0.9770150274323024,10073.995961000002,-24676.221778,323466269316489.0,-83270396547128.0,240195872769361.0,0.9997558371380838,1.0699133590615175,0.9992781520692972,0.0032362253938147,1216953.537621,-1189660.893227,27292.644393999828,177,91,2343,2611
216,216,USDC_USDT,USDC,USDT,2023-12-10,1702166400,0.9786805210519328,-49172.822781,0.9770150663676356,20589.546391,-28583.276389999995,611753406858426.0,-187479560742895.0,424273846115531.0,0.9997948242530668,1.0010010010010009,0.997,0.0001067150848708,2375484.508033,-2319665.753537,55818.754495999776,293,131,3218,3642
219,219,USDC_USDT,USDC,USDT,2023-12-11,1702252800,0.9782012577879888,-149278.48352399998,0.9770150470499196,25795.077265,-123483.40625899998,1163359535483560.0,-417446129991466.0,745913405492094.0,0.9997996763131116,1.0069930069930069,0.9976643631178804,0.0001863489802172,5233306.925937999,-6153426.291028,-920119.3650900014,262,117,2565,2944
221,221,USDC_USDT,USDC,USDT,2023-12-12,1702339200,0.999978121756487,-67326.526477,0.9396248737503524,51693.967248,-15632.559229000006,766585557240360.0,-434416638515623.0,332168918724737.0,0.9997559312133616,1.0625,0.9899710144927536,0.0019612160909947,3075935.4631950003,-3318305.405703,-242369.94250799948,196,105,2150,2451
223,223,USDC_USDT,USDC,USDT,2023-12-13,1702425600,0.9798357342898436,-43070.833802,1.0155975140245563,6335.898160000002,-36734.935642,1061173597760981.0,-136780050115090.0,924393547645891.0,0.9997756469015862,1.0588235294117647,0.997,0.0016407470789703,1159109.790055,-955668.615203,203441.17485200008,120,44,1300,1464
225,225,USDC_USDT,USDC,USDT,2023-12-14,1702512000,1.01921706,-54347.260868000005,1.0224315992900517,14248.415374,-40098.84549400001,957110516509178.0,-540300702198715.0,416809814310463.0,0.9998295284031796,1.0004418912947417,0.9995435239319338,3.937794844001049e-05,585175.114787,-569339.792012,15835.322775000008,83,71,948,1102
227,227,USDC_USDT,USDC,USDT,2023-12-15,1702598400,1.0382427328413435,-112077.56678700002,1.131348550612361,83734.273043,-28343.293744000024,1125905631015207.0,-791384851227280.0,334520779787927.0,0.9998603538771864,1.000165790452033,0.9996291822872132,4.21091621065903e-05,488534.783405,-452696.435626,35838.347779,62,49,769,880
228,228,USDC_USDT,USDC,USDT,2023-12-16,1702684800,1.0020606578984912,-17895.692366,1.3215151772190512,19029.685665000005,1133.9932990000052,117033991177872.0,-172318349053466.0,-55284357875594.0,0.9998889024431522,1.0063230751645988,0.9927773586788978,0.0004136917893143,554954.694734,-451330.9838810001,103623.71085299994,60,65,914,1039
231,231,USDC_USDT,USDC,USDT,2023-12-17,1702771200,0.9936228514761324,-18514.288234,1.008344341909146,21465.215118,2950.9268840000004,111329154234124.0,-338800566905999.0,-227471412671875.0,0.9999247488928444,1.0069139377745602,0.997,0.000312997667032,928941.911281,-621726.450589,307215.460692,193,98,1512,1803
232,232,USDC_USDT,USDC,USDT,2023-12-18,1702857600,1.01096,-46394.261872,1.0680928739249227,5665.5442140000005,-40728.717658,607287741991785.0,-2373832334976873.0,-1766544592985088.0,1.000945,1.0575544567989237,0.9939799195975838,0.0027339411998208,356514.486195,-231895.355617,124619.13057800004,115,117,561,793
234,234,USDC_USDT,USDC,USDT,2023-12-19,1702944000,1.0271736266006042,-38627.716331,1.1054156930893977,13347.714606,-25280.001725,78730331675255.0,-1097156353156669.0,-1018426021481414.0,1.0014439264148864,1.0069639556912122,0.9989890487706032,0.0008294137350971,292080.153921,-290635.725482,1444.4284389999812,70,104,430,604
237,237,USDC_USDT,USDC,USDT,2023-12-20,1703030400,1.0235178297795933,-108150.892253,1.0871755419468565,11950.430627000002,-96200.461626,226854151559633.0,-109254116427890.0,117600035131743.0,1.0010286775180464,1.0145451375328025,0.9655637114347976,0.0020882206410731,419468.709498,-440968.495328,-21499.785830000008,61,75,610,746
239,239,USDC_USDT,USDC,USDT,2023-12-21,1703116800,0.988813531888114,-39530.396835,1.1052544030024962,29921.879258999998,-9608.517576000006,69983185559103.0,-342874409692468.0,-272891224133365.0,1.000979569921102,1.0025954274189548,0.9999333333333336,0.0003168263064328,402931.042799,-520820.071878,-117889.029079,132,144,791,1067
240,240,USDC_USDT,USDC,USDT,2023-12-22,1703203200,0.9778353250210384,-45060.335213,1.0521434055100436,21104.358263999995,-23955.976949000004,35032280670564.0,-136972025583576.0,-101939744913012.0,1.000489194091006,1.010469,0.999632492586582,0.0007989999734574,471489.072231,-428960.65881,42528.413421000005,114,149,919,1182
243,243,USDC_USDT,USDC,USDT,2023-12-23,1703289600,1.0039315225313206,-127478.61090499998,1.01702146943588,32875.669861,-94602.94104399998,1049969313520787.0,-763227676718595.0,286741636802192.0,0.9998966435543982,1.0103092783505154,0.98,0.0005298788229498,1907041.092421,-2183297.107388,-276256.0149670001,146,146,2169,2461
245,245,USDC_USDT,USDC,USDT,2023-12-24,1703376000,1.004717267839407,-23935.873837,1.0011628697099186,62711.482826,38775.608989,233273663217821.0,-239880454437720.0,-6606791219899.0,0.99977395,0.9998938972948838,0.997,9.814137301075422e-05,1692861.9604840002,-1770996.005703,-78134.04521899973,203,102,1970,2275
247,247,USDC_USDT,USDC,USDT,2023-12-25,1703462400,0.9892423523065642,-50446.068165,0.992158997212526,32899.73783,-17546.330335000006,388812065047616.0,-274702304122856.0,114109760924760.0,0.9996712024120532,1.0010010010010009,0.9950980392156864,0.0001121121674474,798646.2204839999,-797335.0908540001,1311.1296299998648,230,182,2265,2677
248,248,USDC_USDT,USDC,USDT,2023-12-26,1703548800,1.021681334054141,-30535.596993000006,0.9921589558999632,39924.749035,9389.152041999994,334659684466508.0,-347490937274661.0,-12831252808153.0,0.9997314231533594,1.0010010010010009,0.998242530755712,8.217043324412014e-05,1019381.108389,-1004617.50786,14763.60052899993,200,160,2592,2952
251,251,USDC_USDT,USDC,USDT,2023-12-27,1703635200,1.000000092437261,-36187.144597,0.9787150522587614,31156.508655,-5030.635942000001,244251619040777.0,-249897164272862.0,-5645545232085.0,0.9997683469002968,1.0010010010010009,0.998,8.073813729012645e-05,1286322.787592,-1141257.783705,145065.0038869998,192,128,2104,2424
253,253,USDC_USDT,USDC,USDT,2023-12-28,1703721600,0.995844,-44837.990278,0.999997928862279,27084.930598,-17753.05968,428203882440212.0,-392147162523397.0,36056719916815.0,0.9998959146380476,1.0007776570662217,0.998,8.1900607095724e-05,1913063.132412,-1844492.571783,68570.56062900019,170,81,2605,2856
254,254,USDC_USDT,USDC,USDT,2023-12-29,1703808000,0.9831264474243632,-30858.296282,1.0146154654084494,25017.516636,-5840.779645999995,151301795618239.0,-473294034131402.0,-321992238513163.0,0.9999631188933398,1.018150212017528,0.9655357951971,0.0011240336156142,2214005.56518,-1967565.214056,246440.35112400004,233,118,3508,3859
256,256,USDC_USDT,USDC,USDT,2023-12-30,1703894400,0.9972594315872316,-25335.334196,1.0273691438349335,26153.499798000004,818.1656020000046,163517666145893.0,-187253680478333.0,-23736014332440.0,0.999829975363048,1.0010010010010009,0.98,0.0003793724239296,1492029.6312580002,-1482384.741403,9644.88985500019,227,137,3505,3869
258,258,USDC_USDT,USDC,USDT,2023-12-31,1703980800,1.0111052710581774,-23874.740557,1.0392279322856872,14698.817524,-9175.923032999995,345261856779609.0,-76011477524326.0,269250379255283.0,0.9998612424464648,1.0185185185185186,0.994840274334415,0.0003906163053892,2848300.3534350004,-2813183.307863,35117.04557200056,273,128,3318,3719
261,261,USDC_USDT,USDC,USDT,2024-01-01,1704067200,0.9962447272727272,-36764.50165699999,1.0314885387950816,14694.236888,-22070.264768999998,354308365636630.0,-266270873464544.0,88037492172086.0,0.999893295261296,1.0005691744849832,0.9995964285714286,5.225741308897749e-05,2355330.290175,-2341227.693894,14102.596280999947,207,122,2836,3165
262,262,USDC_USDT,USDC,USDT,2024-01-02,1704153600,0.9993964780238808,-33634.188567000005,0.9933513552021394,18613.841661,-15020.346906000002,156574842413250.0,-105003840417421.0,51571001995829.0,0.9998848888888888,1.0074074074074073,0.998894620486367,0.0001708262691759,1840745.815309,-1909675.608513,-68929.79320399999,237,101,2359,2697
265,265,USDC_USDT,USDC,USDT,2024-01-03,1704240000,1.0191922924602077,-33983.103376,1.015741194640189,32192.349516,-1790.7538600000007,504421538676177.0,-506566363233685.0,-2144824557508.0,0.9998335546493502,1.000048095837573,0.997,0.0001869340850829,1081389.051081,-1410572.640477,-329183.58939600014,240,126,2412,2778
267,267,USDC_USDT,USDC,USDT,2024-01-04,1704326400,0.995409637264687,-28003.805272,0.9222894295327854,10530.997143,-17472.808128999997,205622523128791.0,-379412106242671.0,-173789583113880.0,0.9993156082584708,0.9999614896474128,0.9090909090909092,0.0020327370903133,936252.565134,-960695.186804,-24442.621669999902,148,134,1976,2258
268,268,USDC_USDT,USDC,USDT,2024-01-05,1704412800,0.9966832366039232,-30868.207865,0.9220813219180304,12848.885775,-18019.32209,115631356940087.0,-146558254672347.0,-30926897732260.0,0.9993774576200164,1.0,0.9965398875463451,0.0001398060495591,1738619.040559,-1689339.774902,49279.26565699978,169,124,2484,2777
270,270,USDC_USDT,USDC,USDT,2024-01-06,1704499200,0.9989567712041872,-33509.047033,0.9059724102420617,28345.127829,-5163.919204000005,233030108997174.0,-271541355009218.0,-38511246012044.0,0.9992747460875612,1.0007356340885218,0.9981859991481806,0.0001044521328717,1556582.089567,-1548282.882632,8299.20693500014,188,150,2890,3228
273,273,USDC_USDT,USDC,USDT,2024-01-07,1704585600,0.9777570344631372,-25162.267843,0.8577568899081042,12400.535059,-12761.732783999998,159111379159537.0,-66011383848375.0,93099995311162.0,0.9992808742292896,1.000262202942887,0.9982012098262978,0.0001150834033719,1338128.7327760002,-1418076.3712320002,-79947.63845600002,142,99,1981,2222
274,274,USDC_USDT,USDC,USDT,2024-01-08,1704672000,0.995080570683022,-52500.12147,0.9183618324226296,8773.309469,-43726.812001,315290558014863.0,-359641478857801.0,-44350920842938.0,0.9990848513321576,0.9997434070710772,0.9974132327574224,0.0002001660408715,1220988.6348449998,-1137959.4389960002,83029.19584899954,188,148,2094,2430
277,277,USDC_USDT,USDC,USDT,2024-01-09,1704758400,0.9688468679020392,-26890.310099999995,0.840640176540077,9201.909611,-17688.400488999996,213909255728294.0,-114095018637820.0,99814237090474.0,0.9993585327700216,1.0000233333333333,0.9951153730595896,0.000146754173854,1589895.0522460002,-1677226.206359,-87331.1541129998,203,126,2430,2759
278,278,USDC_USDT,USDC,USDT,2024-01-10,1704844800,1.0035865760238474,-46561.171124,0.9409160119445544,22013.070121,-24548.101003000003,181465831428811.0,-253882366203268.0,-72416534774457.0,0.9997100784354152,1.0010010010010009,0.99764831175493,0.0001317859961833,907279.983791,-935818.751505,-28538.767714000074,91,75,1461,1627
280,280,USDC_USDT,USDC,USDT,2024-01-11,1704931200,1.0108104907703508,-36515.921649,0.9386994871788628,13697.288299,-22818.633350000004,217983951537365.0,-123918674668779.0,94065276868586.0,0.9996920964609524,1.0033444816053512,0.9993113291073508,0.0001330275109945,1790945.391749,-1797247.562262,-6302.170513000106,124,68,1937,2129
283,283,USDC_USDT,USDC,USDT,2024-01-12,1705017600,0.9751911374629428,-57684.454382,0.9451986362838748,21434.322517000004,-36250.13186499999,390417073920634.0,-108781438641268.0,281635635279366.0,0.9997214536320652,1.0196078431372548,0.9975197950628784,0.0004006957453102,3275768.332206,-3140944.922668,134823.40953800036,147,63,5305,5515
285,285,USDC_USDT,USDC,USDT,2024-01-13,1705104000,0.9947535356931746,-35483.49245599999,0.9544886016618566,20231.795028,-15251.697427999996,257988024925904.0,-86940454466708.0,171047570459196.0,0.9997410900440732,1.026315789473684,0.9984673279170612,0.0006352712233039,4953035.075417,-4822168.9020380005,130866.17337899936,137,75,6276,6488
287,287,USDC_USDT,USDC,USDT,2024-01-14,1705190400,0.9896185837161868,-82716.013375,0.9544886139850656,12758.485399,-69957.527976,328341991179533.0,-85956942778333.0,242385048401200.0,0.9997463783213189,1.3333333333333333,0.9989427480083196,0.008051205281122,4070065.9964569993,-3922163.710621,147902.28583599953,87,57,3433,3577
289,289,USDC_USDT,USDC,USDT,2024-01-15,1705276800,0.9838692206842056,-13397.869297999996,0.9569078048868072,17560.670725,4162.801427000004,169943891901804.0,-100929263516593.0,69014628385211.0,0.9997415477925232,1.0357142857142858,0.997,0.0008336851936055,2051094.339278,-1963107.41973,87986.91954799974,85,97,3772,3954
291,291,USDC_USDT,USDC,USDT,2024-01-16,1705363200,0.966325084,-10514.995584,0.9584244801495416,2413.87275,-8101.122834,959757727797581.0,-249353295105966.0,710404432691615.0,0.9997461910585396,1.0010010010010009,0.998,8.384464849169336e-05,1189515.553148,-1016343.576178,173171.97697000008,66,37,2654,2757
292,292,USDC_USDT,USDC,USDT,2024-01-17,1705449600,1.0393025383346055,-19497.701411,1.241514977547831,4642.67319,-14855.028220999997,114497771083720.0,-1057409353974239.0,-942911582890519.0,0.9998941515438218,1.0001115509037546,0.998491454998235,0.0001005815940595,947500.992035,-909884.015089,37616.97694600001,74,48,1806,1928
294,294,USDC_USDT,USDC,USDT,2024-01-18,1705536000,1.0244058696227478,-19834.60265600001,1.1781207982821624,10721.607159,-9112.99549700001,77259828492627.0,-110920218517328.0,-33660390024701.0,0.999994729976376,1.3333333333333333,0.999093218485144,0.0088801830363307,2050939.896691,-2042019.888051,8920.008640000131,71,40,2818,2929
296,296,USDC_USDT,USDC,USDT,2024-01-19,1705622400,1.1293048540689536,-44177.460204,1.4157426091199417,8863.383742000002,-35314.076462,559777171587483.0,-704347678907332.0,-144570507319849.0,1.0003191041920414,1.005919230053439,0.998195116724454,0.0004259383264385,1953732.949831,-1360561.597256,593171.3525749999,132,158,3060,3350
298,298,USDC_USDT,USDC,USDT,2024-01-20,1705708800,1.0073783435074222,-45766.694372,1.1020693318013526,2641.99072,-43124.703652,140933699037036.0,-220871519693186.0,-79937820656150.0,1.0012469533562085,1.009242933683232,0.999,0.000405091488447,2762426.4724390004,-2773593.592747,-11167.120307999665,281,221,4559,5061
300,300,USDC_USDT,USDC,USDT,2024-01-21,1705795200,1.016070981635906,-129264.435576,1.1222739372627968,93118.798006,-36145.637570000006,632266636613010.0,-641119096694127.0,-8852460081117.0,1.0011878401610876,1.2500000000000002,0.999,0.0042876147576933,4522901.58532,-4320520.783566,202380.8017539997,317,248,6806,7371
302,302,USDC_USDT,USDC,USDT,2024-01-22,1705881600,1.058479460335045,-282863.065146,1.8928462184670083,263273.072373,-19589.992773000035,1375763819934635.0,-1543104766866326.0,-167340946931691.0,1.0009045652187525,1.0017904615264306,0.9997800483893544,0.0001761820404324,3210693.861672,-3224358.384861,-13664.523188999854,487,454,4046,4987
305,305,USDC_USDT,USDC,USDT,2024-01-23,1705968000,1.007090690249138,-164025.528508,1.0925089232634293,179701.64682300002,15676.118315000029,842046216025281.0,-835928442872998.0,6117773152283.0,1.0007579947661345,1.046586573074154,0.9984091542574112,0.0011235180231663,3530974.22999,-3475598.369973,55375.860016999766,330,222,4623,5175
306,306,USDC_USDT,USDC,USDT,2024-01-24,1706054400,1.0159265867908711,-115221.557471,1.0922335285515206,67792.22853699999,-47429.32893400002,1229904813787683.0,-1060405577190326.0,169499236597357.0,1.000676209654242,1.0017045774647888,0.9999188180653972,0.0001506964512994,3940479.376895,-3958859.979547,-18380.6026519998,269,193,5333,5795
309,309,USDC_USDT,USDC,USDT,2024-01-25,1706140800,0.9977788287086564,-19052.138681,1.0627194206634307,11599.263424,-7452.875257,263616439536799.0,-310395326886241.0,-46778887349442.0,1.0006625310355022,1.0039525691699605,0.999827009572137,0.0001065716351873,1719696.532786,-1736005.1302719996,-16308.597485999577,88,80,2794,2962
310,310,USDC_USDT,USDC,USDT,2024-01-26,1706227200,0.9948271772300136,-10819.439919,1.0627194417463086,4742.4528310000005,-6076.987088,58514741496723.0,-40406532411331.0,18108209085392.0,1.000683403002548,1.0009250960260092,0.9995713673381912,7.536970836569373e-05,1954097.211292,-1877805.839468,76291.37182400003,84,81,2993,3158
312,312,USDC_USDT,USDC,USDT,2024-01-27,1706313600,1.0475100274961358,-22391.786498,1.0627194484257352,4027.350215,-18364.436282999995,89728286285270.0,-78071231130244.0,11657055155026.0,1.0007161741388892,1.0011062223757252,0.999,6.653353207020691e-05,5399636.006602,-5133782.869674,265853.1369280005,308,99,6366,6773
314,314,USDC_USDT,USDC,USDT,2024-01-28,1706400000,1.0033961812303522,-18815.180659,1.893589512241857,4982.898087,-13832.282571999998,226309131513486.0,-144086008035100.0,82223123478386.0,1.00080838517018,1.0138888888888888,0.9864864864864864,0.0002707628393836,6298482.314026,-6175185.269174,123297.04485199972,169,194,5980,6343
317,317,USDC_USDT,USDC,USDT,2024-01-29,1706486400,1.0584901401183509,-38854.556139,1.0465626536618418,20767.703254,-18086.852885,366902634258966.0,-511756748404519.0,-144854114145553.0,1.0006971208654452,1.0158833543480597,0.988095238095238,0.0004770081713945,4715604.181493999,-4721414.134433,-5809.952939000912,276,157,5950,6383
319,319,USDC_USDT,USDC,USDT,2024-01-30,1706572800,1.102758898787953,-63669.85569599999,1.0465625660745603,17887.335627,-45782.52006899999,390931493385879.0,-174060497094167.0,216870996291712.0,1.000491357828568,1.020408163265306,0.996,0.0006081381337638,1160534.6043190002,-1183504.332147,-22969.727827999974,125,116,3149,3390
321,321,USDC_USDT,USDC,USDT,2024-01-31,1706659200,1.0193020051558908,-37152.196252,0.9881881244764964,13125.686155999998,-24026.510096000005,328626860024689.0,-368211040182402.0,-39584180157713.0,1.000469475832151,1.0223953330061266,0.9998752961715924,0.0007224867888129,4006236.439562,-3844525.59586,161710.84370199963,145,134,4319,4598
323,323,USDC_USDT,USDC,USDT,2024-02-01,1706745600,0.9945611712299758,-33201.446703999994,1.046562599083278,2502.659158,-30698.787546,205024512634899.0,-128239986433078.0,76784526201821.0,1.00050725717939,1.00129,0.998,0.0001009018454992,3175638.324352,-3060752.902697,114885.4216550002,59,51,3178,3288
325,325,USDC_USDT,USDC,USDT,2024-02-02,1706832000,0.9955413247249426,-14330.722111999996,1.0465626531889067,10462.984253,-3867.737858999997,331917053108348.0,-162878643737558.0,169038409370790.0,1.000604045205901,1.011224995426875,0.998,0.0003223961626767,4659546.281463,-4570282.078452,89264.2030109996,101,116,4061,4278
326,326,USDC_USDT,USDC,USDT,2024-02-03,1706918400,1.0201574729929364,-33327.270579,1.0465626706788798,4618.394191,-28708.876388,308403072199919.0,-268516653344895.0,39886418855024.0,1.0006304598341815,1.0020040080160322,0.998,0.0001011201808746,5977234.496076,-5928055.919205001,49178.5768709993,115,75,5846,6036
329,329,USDC_USDT,USDC,USDT,2024-02-04,1707004800,1.034258994565228,-22739.32328,1.04656265244681,7038.531219,-15700.792061,123514192872759.0,-143300081606072.0,-19785888733313.0,1.0006398,1.0011086406164005,0.998,8.725122312291687e-05,4543586.215165,-4478106.577892,65479.63727300055,112,101,5646,5859
331,331,USDC_USDT,USDC,USDT,2024-02-05,1707091200,1.0039532215958784,-35853.824146,1.047019538950917,38913.885574,3060.061428000001,434091692744495.0,-344348038374738.0,89743654369757.0,1.000658896072945,1.0399738345649487,0.9985163204747776,0.0011260325104393,2518685.093018,-2328799.373616,189885.71940199984,122,84,4177,4383
333,333,USDC_USDT,USDC,USDT,2024-02-06,1707177600,1.0135139566331812,-40943.594005000006,1.1634576052165304,15582.073423999998,-25361.520581000008,328415882663402.0,-577266085185086.0,-248850202521684.0,1.0008110773830494,1.0073970508376182,1.0001900361068603,0.000244139468233,2430222.79669,-2341819.995218,88402.80147200031,95,116,2635,2846
335,335,USDC_USDT,USDC,USDT,2024-02-07,1707264000,1.0259520782840754,-64751.04070799999,1.0529720619438552,24856.063578,-39894.97712999999,1120560911058898.0,-439151117868304.0,681409793190594.0,1.0007976142711388,1.002730977690013,1.0,8.184220445699214e-05,2180364.72172,-2169095.951404,11268.77031599963,96,66,3282,3444
338,338,USDC_USDT,USDC,USDT,2024-02-08,1707350400,0.9956090901200708,-16706.408856,1.0529721277792894,18240.252648,1533.8437919999997,115904062993831.0,-98803518280885.0,17100544712946.0,1.0007442831758893,1.008458,0.99,0.0003794078990512,1627831.731537,-1791379.149933,-163547.41839600005,50,34,2468,2552
339,339,USDC_USDT,USDC,USDT,2024-02-09,1707436800,1.003802120494782,-106944.437229,0.7345498171740341,103483.81678699996,-3460.620442000029,1148959965277899.0,-1618780965210385.0,-469820999932486.0,1.0006433451960364,1.001291155584248,0.9954627066325852,0.0002815108249043,3274647.377807,-3341489.4882269995,-66842.11041999981,66,41,1990,2097
343,343,USDC_USDT,USDC,USDT,2024-02-10,1707523200,1.0081417527955772,-21255.619328,0.7278323512268622,16613.090124,-4642.529204000002,126260481982705.0,-200234096221749.0,-73973614239044.0,1.0004749778744453,1.1111111111111112,0.9913091923110094,0.0019687683077935,2778282.615423,-2860292.499074,-82009.88365099998,89,55,3237,3381
344,344,USDC_USDT,USDC,USDT,2024-02-11,1707609600,0.9969783303027712,-44195.316146,0.6931899858728424,53503.056254,9307.740107999998,296717102722418.0,-338307621406361.0,-41590518683943.0,1.000500776994361,1.0118,0.9994782395187526,0.0004152820823367,7264326.848172999,-7097484.074778,166842.7733949991,199,111,5753,6063
350,350,USDC_USDT,USDC,USDT,2024-02-12,1707696000,0.9999790021588724,-64506.489048,1.0180861880823864,20836.859299,-43669.629749,609070828714413.0,-449060834751080.0,160009993963333.0,1.0002814543979088,1.002790809321514,0.9940906731792258,0.0002411691352789,9344725.119455,-9435537.614381,-90812.49492600188,142,111,8219,8472
354,354,USDC_USDT,USDC,USDT,2024-02-13,1707782400,1.0014574175192734,-95113.23594,1.0132823420810235,28902.799992,-66210.435948,479489941934121.0,-666509545427976.0,-187019603493855.0,0.999957448831427,1.0053050397877985,0.999661422901973,0.0001380689966727,13791846.302199,-14561695.171001002,-769848.8688020017,193,193,10465,10851
356,356,USDC_USDT,USDC,USDT,2024-02-14,1707868800,1.013270751143554,-35278.667455,1.0154444477607552,41986.357772,6707.6903170000005,257125342676971.0,-494516936218525.0,-237391593541554.0,0.9998416428535776,1.0101010101010102,0.999601797678618,0.0001788161490592,8626320.303422,-8125794.521681,500525.7817410007,166,304,7917,8387
360,360,USDC_USDT,USDC,USDT,2024-02-15,1707955200,1.001204963057903,-35414.23265400001,1.0151943769862182,32416.265185,-2997.9674690000065,228757782014096.0,-172654181951064.0,56103600063032.0,1.000008041940743,1.0006498084584006,0.99961402375,8.965755734268622e-05,4376453.536676,-3967283.829923,409169.7067529997,80,272,4668,5020
364,364,USDC_USDT,USDC,USDT,2024-02-16,1708041600,1.0029451484283598,-49928.508533,1.0058268457449997,22970.47645,-26958.032083,398396112929885.0,-314096132240893.0,84299980688992.0,1.000055277004359,1.00057745802706,0.9995390819819424,0.0001474157337283,5656157.71672,-5140116.662498999,516041.0542210005,81,227,3533,3841
365,365,USDC_USDT,USDC,USDT,2024-02-17,1708128000,1.010059660095988,-20500.889985,1.0032158789382375,27365.001675,6864.111689999998,208299788505288.0,-222767649373793.0,-14467860868505.0,0.9999027229322768,1.0019298867489466,0.99953052178607,9.585557881695722e-05,8861822.330973,-8059813.346784001,802008.9841889981,84,189,3995,4268
371,371,USDC_USDT,USDC,USDT,2024-02-18,1708214400,0.9940761016947804,-23905.757765,1.0016492812765736,16932.914042,-6972.843722999998,192839207009189.0,-168679044660778.0,24160162348411.0,0.9998059432121508,1.0003744967699657,0.9996562999884948,4.9103451262245074e-05,4516749.57789,-4309082.693457,207666.88443300035,99,159,3128,3386
372,372,USDC_USDT,USDC,USDT,2024-02-19,1708300800,0.988275899237202,-35923.13615400001,0.9998858255047016,13663.781698,-22259.35445600001,481688442412921.0,-401013959106682.0,80674483306239.0,0.999825652520582,1.0004997330660808,0.9995094244590728,8.585365468345276e-05,3849754.71757,-4007735.319298,-157980.60172799975,69,86,1697,1852
380,380,USDC_USDT,USDC,USDT,2024-02-20,1708387200,1.0070016666666666,-170842.644526,1.0105299021910172,35845.956838000006,-134996.68768799998,872973079685083.0,-748249868894581.0,124723210790502.0,1.000328128,1.024719452618968,0.9981172820134406,0.0015416566971493,13860174.88196,-6684027.996373,7176146.885587001,89,254,7214,7557
385,385,USDC_USDT,USDC,USDT,2024-02-21,1708473600,1.0139443101304273,-206547.786247,1.077642961235406,14530.88028,-192016.905967,1209734074787514.0,-699712229362447.0,510021845425067.0,1.0008245529638125,1.0044436299421635,0.999745746101614,0.0009168620464876,12976898.518379,-6901700.205554999,6075198.312824002,182,309,7400,7891
390,390,USDC_USDT,USDC,USDT,2024-02-22,1708560000,1.0008440433685593,-320370.426545,1.1370458999806967,9390.262912000002,-310980.163633,1704921751785535.0,-1306830664151766.0,398091087633769.0,1.0009399568440382,1.0018698397754648,0.999920316424015,0.0002100227766508,5773252.708775001,-2831773.080242,2941479.6285330006,212,274,3292,3778
396,396,USDC_USDT,USDC,USDT,2024-02-23,1708646400,0.998954394409717,-254540.125745,1.0572723654739649,56436.754083,-198103.371662,1.5568795744472694e+16,-1.5495525395852362e+16,73270348620332.0,1.0007081756426202,1.0014867538467085,1.0003880115606936,0.0001374403820738,4572048.501832999,-2430348.396349,2141700.1054839995,280,189,2126,2595
399,399,USDC_USDT,USDC,USDT,2024-02-24,1708732800,1.0116836390509487,-165042.839476,1.1231358575006212,35967.88258800001,-129074.956888,983878982517563.0,-547577796042580.0,436301186474983.0,1.0008897910242205,1.0015316647208754,0.9999100080992712,0.0001771561006758,2815724.593648,-2546696.215339,269028.3783089998,177,249,1977,2403
404,404,USDC_USDT,USDC,USDT,2024-02-25,1708819200,1.0123160365486976,-21163.343029000003,1.0572722618803276,2042.92285,-19120.420179000004,399124188868690.0,-11541802789771.0,387582386078919.0,1.0007674077138629,1.0013741356576562,1.0001889310007464,0.0001837275061274,1357063.609108,-1289352.167008,67711.4421000001,22,37,368,427
