,tag,token0,token1,date,timestamp,token0_daily_price_median_mint,token0_daily_amount_mint,token0_daily_price_median_burn,token0_daily_amount_burn,token0_daily_amount_net_mint_burn,liquidity_daily_sum_mint,liquidity_daily_sum_burn,liquidity_daily_net_mint_burn,token0_daily_price_median_swap,token0_daily_price_min_swap,token0_daily_price_max_swap,token0_daily_price_std_swap,token0_daily_amount_buy_swap,token0_daily_amount_sell_swap,token0_daily_amount_net_swap,total_events_daily_mint,total_events_daily_burn,total_events_daily_swap,total_events_daily
0,ETH_USDC,ETH,USDC,2023-08-21,1692576000,1291.5277893989949,-0.0774276796990442,,0.0,-0.0774276796990442,48658383995644.0,0.0,48658383995644.0,,,,,,,,1,0,0,1
1,ETH_USDC,ETH,USDC,2023-08-24,1692835200,,0.0,1291.5277024275329,0.0114980104353071,0.0114980104353071,0.0,-7298757599346.0,-7298757599346.0,,,,,,,,0,1,0,1
2,ETH_USDC,ETH,USDC,2023-08-25,1692921600,1258.0061338954204,-0.0685280366001971,,0.0,-0.0685280366001971,2.9440435127028244e+16,0.0,2.9440435127028244e+16,,,,,,,,4,2,0,6
3,ETH_USDC,ETH,USDC,2023-08-26,1693008000,1691.2395697112988,-0.2336070502593855,,0.0,-0.2336070502593855,310699313943591.0,0.0,310699313943591.0,,,,,,,,10,0,0,10
4,ETH_USDC,ETH,USDC,2023-08-27,1693094400,1691.2395697114976,-0.8756731920666646,1523.7133802637295,0.0327981624676355,-0.842875029599029,876487403940586.0,-128736035154350.0,747751368786236.0,,,,,,,,76,1,0,77
5,ETH_USDC,ETH,USDC,2023-08-28,1693180800,1691.239569711356,-0.3396564591780735,,0.0,-0.3396564591780735,3.862649356733467e+16,0.0,3.862649356733467e+16,,,,,,,,19,0,0,19
6,ETH_USDC,ETH,USDC,2023-08-29,1693267200,1691.239569711483,-0.5037952861015695,1471.0019394719834,0.0315478682261502,-0.4722474178754193,418561398484133.0,-71256524567916.0,347304873916217.0,,,,,,,,16,2,0,18
7,ETH_USDC,ETH,USDC,2023-08-30,1693353600,1691.239569711487,-0.1385172896633358,,0.0,-0.1385172896633358,106404376391095.0,0.0,106404376391095.0,,,,,,,,14,0,0,14
8,ETH_USDC,ETH,USDC,2023-08-31,1693440000,1691.2395697114976,-0.3952770945072638,1691.2378162817795,0.3239582013859324,-0.0713188931213313,7460197354839898.0,-2476064953252205.0,4984132401587692.0,1500.6882969903054,1500.6882969903054,1500.6882969903054,,0.0,-6.663608972e-09,-6.663608972e-09,93,32,1,126
9,ETH_USDC,ETH,USDC,2023-09-01,1693526400,1691.239569712479,-0.4718636435884055,1691.2355997394498,0.1656211176685396,-0.3062425259198659,604950523548613.0,-2.013711417147975e+16,-1.953216364793114e+16,,,,,,,,117,56,0,173
10,ETH_USDC,ETH,USDC,2023-09-02,1693612800,1689.8600494568436,-0.3060892077661121,1690.507353476482,0.0914268225874184,-0.2146623851786936,2616378238332328.0,-105083684793336.0,2511294553538992.0,1634.043,1634.043,1634.043,,0.0,-0.001,-0.001,57,10,1,68
11,ETH_USDC,ETH,USDC,2023-09-03,1693699200,1689.8600494543591,-0.9570557694106816,1689.8581661869791,0.1133607016844743,-0.8436950677262072,3694355036028638.5,-3411626625625537.0,282728410403101.0,,,,,,,,164,16,0,180
12,ETH_USDC,ETH,USDC,2023-09-04,1693785600,1689.8600494565026,-0.9181954723987718,1689.859340761835,0.5134444510046149,-0.4047510213941568,1113452098804382.0,-399306719696977.0,714145379107405.0,1547.113038923633,1547.113038923633,1547.113038923633,,0.1366133182789578,0.0,0.1366133182789578,99,34,1,134
13,ETH_USDC,ETH,USDC,2023-09-05,1693872000,1689.8600494554407,-0.4070105297427903,1689.8599239025184,0.1518458718380365,-0.2551646579047538,2813822343865301.0,-108185993406602.0,2705636350458699.0,1600.5546913802752,1600.5546913802752,1600.5546913802752,,0.0071663961636377,0.0,0.0071663961636377,120,11,1,132
14,ETH_USDC,ETH,USDC,2023-09-06,1693958400,1689.860049457723,-0.2929733876556932,1689.859726482062,0.143379328497414,-0.1495940591582791,252269249747256.0,-231903274958776.0,20365974788480.0,1626.0046865489503,1644.3340399757724,1597.1554099817774,21.42570321384867,0.0035746640227417,-0.0558909999999999,-0.0523163359772582,63,9,5,77
15,ETH_USDC,ETH,USDC,2023-09-07,1694044800,1650.181270789039,-0.1782062319383153,1650.179528531192,0.0701575295948374,-0.1080487023434778,235227309433688.0,-80913522679071.0,154313786754617.0,,,,,,,,139,74,0,213
16,ETH_USDC,ETH,USDC,2023-09-08,1694131200,1650.1812707890392,-0.2578185853543192,1650.1811428857136,0.0593385199534403,-0.1984800654008788,203681268939993.0,-41966033086835.0,161715235853158.0,1635.4709999999998,1638.9879999999998,1628.6950266076474,4.307078922267223,0.0,-0.105001013544787,-0.105001013544787,48,6,5,59
17,ETH_USDC,ETH,USDC,2023-09-09,1694217600,1581.5277395628243,-0.9427100710234548,1581.527649295949,0.1732500731388492,-0.7694599978846055,9.875716783585892e+17,-9.869339156700946e+17,637762688494592.0,,,,,,,,112,18,0,130
18,ETH_USDC,ETH,USDC,2023-09-10,1694304000,1581.527739562989,-0.4879104496950356,1581.5276740155184,0.1663604779807258,-0.3215499717143098,5.246731032291227e+18,-5.246424831609028e+18,306200682199040.0,,,,,,,,111,12,0,123
19,ETH_USDC,ETH,USDC,2023-09-11,1694390400,1581.527739563429,-0.6965333756033705,1581.527580933723,0.1303134768689882,-0.5662198987343823,6.767642813508342e+18,-6.76710892520645e+18,533888301891584.0,1617.163012747905,1617.163012747905,1598.8378583826527,5.794922626837432,0.0,-6.170992640249753,-6.170992640249753,127,11,10,148
20,ETH_USDC,ETH,USDC,2023-09-12,1694476800,1689.3206322062683,-0.3734838372417149,1689.32060613796,0.2656126643043505,-0.1078711729373643,8.294857184478214e+17,-8.009381230063005e+17,2.8547595441520896e+16,,,,,,,,61,9,0,70
21,ETH_USDC,ETH,USDC,2023-09-13,1694563200,1689.3206322062697,-0.0617036273844359,1775.6406839193487,0.0220264662257113,-0.0396771611587246,43791270656402.0,-23611423647235.0,20179847009167.0,1562.0794126450548,1562.0794126450548,1562.0794126450548,,0.0026640028453825,0.0,0.0026640028453825,25,3,1,29
22,ETH_USDC,ETH,USDC,2023-09-14,1694649600,1689.320632205996,-12.798675482239968,1689.3205859471627,0.4568413110015645,-12.341834171238403,9630181268773528.0,-324302866910177.0,9305878401863352.0,1629.8349856532022,1645.132324996867,1292.5463162429987,19.66328641244245,11.273300983419414,-7.4997949594140465,3.773506024005368,78,10,450,538
23,ETH_USDC,ETH,USDC,2023-09-15,1694736000,1614.4079703273,-19.18431180588593,1661.4777421112235,1.2093455892171936,-17.974966216668737,4.0994686012940376e+16,-2636768241306523.0,3.835791777163386e+16,1625.1433337139358,1686.7296296296297,1609.397523991805,6.708277118630363,38.86634172972204,-29.52718987555438,9.339151854167657,88,15,1762,1865
24,ETH_USDC,ETH,USDC,2023-09-16,1694822400,1635.9486471403288,-6.494895999149399,1640.8849092500789,10.37008165977048,3.87518566062108,1.1713157619106744e+18,-1.1912427510190676e+18,-1.9926989108393216e+16,1633.419394197968,1723.3757142857144,1600.0,4.479349954629069,343.6851740252802,-315.3366988804537,28.348475144826523,168,42,5398,5608
25,ETH_USDC,ETH,USDC,2023-09-17,1694908800,1629.2177294976605,-5.448631883651955,1620.9689245006805,2.358213579044437,-3.090418304607518,6849445899347800.0,-1794222393996367.0,5055223505351433.0,1627.1544865717942,1646.5784470618669,1600.0,4.870959683062443,519.7490716465157,-524.663155032368,-4.914083385852223,148,33,8830,9011
26,ETH_USDC,ETH,USDC,2023-09-18,1694995200,1639.0247323085944,-11.89131908158006,1635.3575235335768,4.130371602831581,-7.76094747874848,1.4902577408733427e+17,-1.32678869366833e+17,1.634690472050128e+16,1632.4270841085508,2244.168893996628,1387.087213034357,22.90554565280423,423.7356528623626,-391.234991891865,32.50066097049756,181,36,5455,5672
27,ETH_USDC,ETH,USDC,2023-09-19,1695081600,1647.3562746588702,-9.428283106912152,1653.2184013123117,6.082873158952874,-3.3454099479592783,3.2881617883881548e+16,-3.612935782944473e+16,-3247739945563180.0,1642.3353151463057,1760.4691336873966,1626.6873526598245,6.821272793864684,452.4192956257878,-444.7834510314608,7.635844594327068,156,37,7610,7803
28,ETH_USDC,ETH,USDC,2023-09-20,1695168000,1636.076427411163,-7.117456483604102,1592.6804321631496,4.251558115768392,-2.865898367835711,1.4440947976051904e+16,-1.0751867909823028e+16,3689080066228876.0,1633.818670212766,1651.3284633662818,1585.3944545898971,7.16020024881988,462.0450505645418,-507.1819790480391,-45.136928483497286,178,33,6933,7144
29,ETH_USDC,ETH,USDC,2023-09-21,1695254400,1605.9476249142251,-10.89939891309038,1421.3245732169216,4.091649458400441,-6.807749454689939,2.4826128918108595e+18,-2.471849352403082e+18,1.076353940777728e+16,1616.5792429380513,1629.2390868421703,1285.732653323619,15.468624810136252,414.9276441695988,-435.5673607808816,-20.63971661128284,108,98,6721,6927
30,ETH_USDC,ETH,USDC,2023-09-22,1695340800,1603.8202861511504,-36.75029458460524,1548.4667327684836,9.951052635894468,-26.799241948710776,1.1849049415484037e+18,-1.1359692847709745e+18,4.893565677742925e+16,1592.68836375442,1630.04242044594,1577.9184409460845,4.533682580857526,386.5347788019177,-373.2047764533098,13.330002348607875,138,55,7430,7623
31,ETH_USDC,ETH,USDC,2023-09-23,1695427200,1595.641148515365,-34.33894187226732,1131.671732278543,8.1022624392254,-26.23667943304192,4.9964317023204416e+17,-4.357794850405641e+17,6.386368519148006e+16,1591.703008035157,1629.3026560649637,1577.5,2.2530923129209404,585.1246086146735,-562.477073304621,22.647535310052604,159,69,9974,10202
32,ETH_USDC,ETH,USDC,2023-09-24,1695513600,1620.619141535937,-26.42694918345458,1515.4100538441712,11.889973222698709,-14.536975960755877,4.989736588869568e+17,-4.332653341306585e+17,6.57083247562983e+16,1590.1740167741937,1600.2414340513103,1573.0337078651687,2.6004733122173898,712.5155610271706,-665.594438045825,46.92112298134566,205,70,9809,10084
33,ETH_USDC,ETH,USDC,2023-09-25,1695600000,1577.869957864586,-33.03521175349487,1584.4262272452097,17.604514453652495,-15.430697299842375,4.094565997378396e+17,-4.4115630617378086e+17,-3.169970643594131e+16,1577.3104173041563,1611.918608400492,1561.2658594228055,6.407278176794576,789.2151255076883,-714.7444260226802,74.47069948500814,161,75,9431,9667
34,ETH_USDC,ETH,USDC,2023-09-26,1695686400,1592.4837928510972,-65.27173294104149,1470.5025722495502,31.088673574285576,-34.18305936675591,6.605713332674289e+17,-3.617141428862711e+17,2.9885719038115776e+17,1588.4772857142857,1629.2684989429176,1484.336089473097,2.593348373629055,686.0124223722953,-631.9702673735533,54.04215499874204,154,60,8471,8685
35,ETH_USDC,ETH,USDC,2023-09-27,1695772800,1622.7468210126456,-55.902399037518194,1652.7184286872794,18.00990537922701,-37.89249365829119,9.479985724677074e+17,-1.0209653538471686e+18,-7.296678137946125e+16,1591.9536208521993,1632.0936041564871,1569.3830297808702,11.945335438185984,879.9877114274102,-830.7365240782375,49.25118734917271,248,139,9210,9597
36,ETH_USDC,ETH,USDC,2023-09-28,1695859200,1645.29849597646,-41.81938498854975,1954.4497533719232,10.162127429223643,-31.657257559326105,8.687842289731406e+17,-7.417566396371776e+17,1.27027589335963e+17,1617.4985668736658,1675.3873148369455,1592.386,18.65305613878349,875.7605186651911,-787.5218124665724,88.23870619861862,708,120,9555,10383
37,ETH_USDC,ETH,USDC,2023-09-29,1695945600,1649.4882233355247,-68.23950735240493,1656.6388667663398,11.101547849764822,-57.13795950264011,7.189056840917008e+18,-1.6746891177422874e+18,5.514367723174722e+18,1666.40294913609,1687.2970754651433,1000.0,12.26921295322915,935.8021024114483,-808.0905127756562,127.71158963579217,4702,105,9846,14653
38,ETH_USDC,ETH,USDC,2023-09-30,1696032000,1661.6648815198782,-39.735667361020845,1671.3458629026543,7.307232106680829,-32.428435254340016,4.351707913269407e+17,-4.195191737137738e+17,1.5651617613166848e+16,1672.7137434986896,1710.2903055759607,1626.499571467776,8.112588242972011,1132.5903779616328,-1082.267735566402,50.32264239523079,4830,104,12699,17633
39,ETH_USDC,ETH,USDC,2023-10-01,1696118400,1675.5730185094146,-51.439147454945086,1692.3193864836337,20.022428955041494,-31.41671849990359,3.2355539531630776e+18,-2.616921224674503e+18,6.186327284885745e+17,1677.1366987141223,1733.9302854380585,1629.3047747037265,9.290837581723537,659.718445008205,-554.9554415539301,104.7630034542749,7235,127,8680,16042
40,ETH_USDC,ETH,USDC,2023-10-02,1696204800,1722.6983008572363,-45.82493666804801,1787.6271678531816,6.402549610400235,-39.422387057647775,9.832399225355854e+27,-4.641868353181911e+19,9.83239917893717e+27,1723.0456133333332,1741.6897078154286,1643.9994462705736,23.20513208973232,458.16335985656656,-480.21514764821313,-22.05178779164657,6609,161,6957,13727
41,ETH_USDC,ETH,USDC,2023-10-03,1696291200,1665.4366458051902,-43.98028516563136,1605.947353118129,3.457848695932417,-40.52243646969894,4.224572661490304e+19,-4.033007915009185e+19,1.915647464811184e+18,1663.2711839160306,1738.017154408037,1638.2,5.793506440492304,589.4580613209143,-629.0218546529554,-39.56379333204109,10156,146,16086,26388
42,ETH_USDC,ETH,USDC,2023-10-04,1696377600,1642.170023269513,-80.1882782260198,1593.8682699673298,26.901583776701557,-53.28669444931825,6.734365772603945e+19,-6.5664960078088266e+19,1.678697647951184e+18,1643.5858585858584,1665.2909631281807,1566.7585714285713,4.884559379428758,699.7019699604361,-705.6371821787463,-5.935212218310198,23321,140,17023,40484
43,ETH_USDC,ETH,USDC,2023-10-05,1696464000,1630.7892793215235,-23.617278010031317,1133.625536547453,18.44245819186644,-5.1748198181648775,3.502965592145506e+19,-3.5214797141532606e+19,-1.8514122007754752e+17,1638.5330267733962,5445.379999999999,597.1701305761078,35.347633965042576,601.8531355584114,-678.8347978948275,-76.9816623364161,3069,1459,13599,18127
44,ETH_USDC,ETH,USDC,2023-10-06,1696550400,1637.0901256877542,-10.310420958286162,1009.2113241204833,11.46392877564,1.1535078173538371,1.0360169965783665e+19,-1.0944994009932046e+19,-5.848240441483837e+17,1628.409353019659,1751.131738612091,1608.6391452600008,9.215879531387795,759.9399524540006,-696.1908703838142,63.74908207018643,1634,2563,15845,20042
45,ETH_USDC,ETH,USDC,2023-10-07,1696636800,1643.2339764687397,-9.268717484881297,1257.2750786966908,14.285782195885991,5.017064711004696,3.725228286658888e+20,-3.728887793770406e+20,-3.659507111518536e+17,1640.951830261443,1753.994481431694,1619.4591595627935,3.769506100820489,677.2419701643385,-749.7636522782344,-72.52168211389596,809,3093,16320,20222
46,ETH_USDC,ETH,USDC,2023-10-08,1696723200,1623.469543969114,-41.01895570286239,1026.1825256154088,28.93149185318362,-12.087463849678771,4.88440446657582e+19,-4.874425736621768e+19,9.978729954051686e+16,1632.5146443514643,1662.0403911025358,1000.0,6.501037734245148,746.4701602616194,-752.4244817807993,-5.954321519179871,574,1730,16857,19161
47,ETH_USDC,ETH,USDC,2023-10-09,1696809600,1599.1084608760211,-14.225767367065943,1083.7476636611243,6.317027340317928,-7.908740026748017,3.6867994461177434e+28,-4.449898279849491e+17,3.686799446073244e+28,1600.0335714285716,1754.403062230703,1500.0,22.377414614092885,597.1208518433198,-879.3623559437933,-282.24150410047355,1404,1467,16719,19590
48,ETH_USDC,ETH,USDC,2023-10-10,1696896000,1578.2266414735614,-25.335071967974702,1527.938830499147,15.472426002456924,-9.862645965517782,2.626112462425021e+19,-2.74246814954461e+19,-1.1635568711958897e+18,1584.8350170898857,1604.832007445488,833.3333333333333,10.72465318931178,662.4149101462659,-900.1464221636352,-237.73151201736923,3660,1624,20846,26130
49,ETH_USDC,ETH,USDC,2023-10-11,1696982400,1559.2769861739023,-21.28522981382026,1494.638104554586,5.913994237803733,-15.371235576016526,1.6405934478740216e+19,-1.2160444676783866e+19,4.24548980195635e+18,1563.305819432772,1588.8375,1535.1648131785353,7.766981842224598,743.1006492851078,-805.4463891358488,-62.34573985074098,3137,1728,15071,19936
50,ETH_USDC,ETH,USDC,2023-10-12,1697068800,1559.315168049232,-25.438430737933835,1482.7850903012036,7.656917580705076,-17.78151315722876,7.097482609219233e+20,-7.099728367532557e+20,-2.245758313323561e+17,1560.0307692307697,161086891.10726795,1128.3652845041004,2677141.962284553,603.1054344186285,-659.2568593349368,-56.15142491630832,2426,1030,14547,18003
51,ETH_USDC,ETH,USDC,2023-10-13,1697155200,1543.5335651510743,-39.71965429895607,1501.8594868216194,23.82310451197476,-15.896549786981314,7.631309712567977e+20,-7.634944126416969e+20,-3.6344138489921536e+17,1544.444722222222,1581.719887895387,1527.78502498264,5.45519939959243,784.323199043394,-773.8732433583201,10.44995568507386,1887,895,16068,18850
52,ETH_USDC,ETH,USDC,2023-10-14,1697241600,1560.8416510127993,-25.650945760474563,1517.282197781123,9.201294592968358,-16.449651167506204,1.3396551928682286e+18,-1.4627333559517542e+18,-1.2307816308352563e+17,1551.1627070186169,1570.0674926974516,1000.0,8.198486345629686,701.6686242163709,-709.580767434516,-7.912143218145161,1966,795,17509,20270
53,ETH_USDC,ETH,USDC,2023-10-15,1697328000,1563.657828284936,-28.499066733001804,1516.2030363945555,8.909313263733058,-19.589753469268743,1.6423267575124805e+18,-1.5057515594859167e+18,1.3657519802656384e+17,1554.28851259666,1576.084989121361,1333.3333333333333,5.05822611268427,784.9399696927017,-786.7682452034915,-1.8282755107898083,1894,919,16747,19560
54,ETH_USDC,ETH,USDC,2023-10-16,1697414400,1576.0259801861123,-37.40390249732117,1563.760387118838,24.719289366780902,-12.684613130540264,3.884740742696442e+19,-3.473540011095279e+19,4.112007316011634e+18,1579.424389509611,2104.7087554537216,1333.3333333333333,14.540010864556706,1024.3361994660318,-901.657169579167,122.67902988686478,1909,954,15438,18301
55,ETH_USDC,ETH,USDC,2023-10-17,1697500800,1590.3227129107147,-40.6861147907321,1555.9130232347798,18.467451388072757,-22.218663402659345,1.9516659360326545e+19,-1.639308973169676e+19,3.1235696286297846e+18,1587.577058874763,1601.9582260908971,1469.4892117561362,9.879243417287917,742.2100624339532,-889.1405233252449,-146.93046089129166,2026,844,16910,19780
56,ETH_USDC,ETH,USDC,2023-10-18,1697587200,1573.9373299843603,-36.478332346806624,1571.1511614616688,19.36557534687467,-17.112756999931953,7.023379923049354e+20,-7.060667138585235e+20,-3.728721553588093e+18,1572.8990867770035,1588.070282349167,1500.0,5.492353679718611,732.3719735738387,-734.021839939124,-1.6498663652853338,1963,833,15214,18010
57,ETH_USDC,ETH,USDC,2023-10-19,1697673600,1549.825402429312,-32.63030032164633,1523.4179834512745,8.771304724322984,-23.858995597323347,6.766509922893254e+20,-6.763520022096664e+20,2.9899007965895066e+17,1553.092911111111,1577.873025832334,1500.0,6.350512859283693,820.1937447575207,-844.4277812213875,-24.2340364638668,2258,877,14849,17984
58,ETH_USDC,ETH,USDC,2023-10-20,1697760000,1591.7725705145351,-56.16282911119285,1643.5365032194666,31.9358750309614,-24.226954080231447,4.265881686509607e+20,-4.258165722787701e+20,7.715963721906258e+17,1587.0719253630507,1694.3186401171304,1562.7292035398232,16.760213895446014,779.4185682538119,-672.4730156872249,106.94555256658704,1610,778,10995,13383
59,ETH_USDC,ETH,USDC,2023-10-21,1697846400,1611.5013579634942,-31.16419743442069,1600.2255882225677,10.778724131305925,-20.385473303114765,1.8969186329097744e+19,-1.906525377112678e+19,-9.606744202903552e+16,1606.315848318467,1647.2443967765942,1588.5264190679786,11.001535927218413,832.6662609585376,-774.781239812155,57.88502114638254,1945,781,14658,17384
60,ETH_USDC,ETH,USDC,2023-10-22,1697932800,1635.511490792991,-18.880066808223027,1587.3160758927845,7.829786458819122,-11.050280349403906,6.183599338970769e+20,-6.211940701534911e+20,-2.8341362564142203e+18,1632.4257386582506,1667.8384670759112,1327.173478826938,6.387286823032585,1067.9643346671946,-970.641552646631,97.32278202056364,1773,755,14420,16948
61,ETH_USDC,ETH,USDC,2023-10-23,1698019200,1686.8162702807288,-30.370415791565403,1778.890250076343,13.293787602843672,-17.07662818872173,1.124835728121982e+19,-1.4129045107164568e+19,-2.880687825944748e+18,1681.0615285163506,1789.6007799779288,1655.3310875842155,14.708166598159089,878.8234223569333,-677.2211514654048,201.6022708915285,1601,898,9873,12372
62,ETH_USDC,ETH,USDC,2023-10-24,1698105600,1822.33869560776,-17.767700836542737,2252.8255435260817,3.8729254974955016,-13.894775339047236,3.6408883069632006e+17,-1.6937700113885197e+17,1.947118295574681e+17,1811.811422172452,1854.24166417586,1730.281549250842,20.79832481922272,751.3307504552592,-616.4859184386098,134.84483201664943,686,385,6842,7913
63,ETH_USDC,ETH,USDC,2023-10-25,1698192000,1794.5288423149846,-14.271149507830089,1847.731689604836,1.909371761852637,-12.361777745977452,4.771048340202629e+17,-2.6495773137288723e+17,2.121471026473756e+17,1786.060689023769,1813.7994441750293,1753.9748833359783,7.913780508760703,495.0978881846961,-483.70594616291874,11.391942021777368,1140,489,7554,9183
64,ETH_USDC,ETH,USDC,2023-10-26,1698278400,1806.551361539412,-10.85831888417578,1917.892002412424,2.548530973819004,-8.309787910356777,2.118355766590663e+17,-1.4229206510232205e+17,6.954351155674426e+16,1808.9974761355372,1867.716,1758.241758241758,22.10953452182269,556.1316073807644,-498.3923861804575,57.73922120030693,612,387,7478,8477
65,ETH_USDC,ETH,USDC,2023-10-27,1698364800,1791.309790652562,-25.57295496265656,1791.645743567798,5.033486621302882,-20.53946834135368,2.994980867932497e+17,-1.61988557469307e+17,1.3750952932394272e+17,1785.6136450268025,1816.201173115111,1619.193321121331,7.823592302416183,501.3862238290024,-536.1500233508574,-34.76379952185505,980,529,9060,10569
66,ETH_USDC,ETH,USDC,2023-10-28,1698451200,1797.783939708384,-26.070942709954465,1792.7128575738336,3.669451008237557,-22.401491701716907,4.6095257247548506e+17,-4.140021042044824e+17,4.695046827100269e+16,1785.9029476545716,1803.2947634448344,1625.8840744654906,4.449790385767136,581.0541966761544,-602.40651629888,-21.35231962272553,1061,627,10772,12460
67,ETH_USDC,ETH,USDC,2023-10-29,1698537600,1791.8965432059758,-21.075972924081952,1893.0104292908936,4.931185416507093,-16.14478750757486,2.3910368055764797e+17,-1.3180738378653117e+17,1.0729629677111677e+17,1784.337006540836,1815.326868805552,1746.422888185386,8.864819077671694,697.3354399668431,-667.0922992196928,30.24314074715028,1600,612,13050,15262
68,ETH_USDC,ETH,USDC,2023-10-30,1698624000,1791.1009997847318,-35.03809497400509,3687.62614353109,7.081148204543299,-27.95694676946179,1.056159067999097e+17,-1.5173418855227514e+17,-4.611828175236544e+16,1796.469959175441,1844.2915772563624,1608.144205627522,16.045991711890036,491.2801714080691,-505.1363897081104,-13.856218300041292,927,343,7796,9066
69,ETH_USDC,ETH,USDC,2023-10-31,1698710400,1794.8979167852217,-23.938138400833918,1808.131639156956,3.806102713535344,-20.13203568729857,7.918991447504269e+20,-7.91567695270526e+20,3.3144947990082355e+17,1800.0954723507607,1816.3200982262545,1613.2643462666952,10.291377456263834,411.1671867089966,-453.5500495001986,-42.382862791202,1161,491,6888,8540
70,ETH_USDC,ETH,USDC,2023-11-01,1698796800,1807.0533897967948,-24.997029668688217,2621.971226824853,6.51242679090949,-18.484602877778727,2.8976903569018143e+20,-2.8934952314666903e+20,4.195125435123958e+17,1805.4115064711,1856.898424,1620.959815996365,15.92069293281098,765.1451213276744,-665.2521138746572,99.89300745301716,1351,672,7670,9693
71,ETH_USDC,ETH,USDC,2023-11-02,1698883200,1837.749878119771,-20.689873245637266,1876.705956203626,4.59183967752644,-16.098033568110825,1.3592053553927905e+18,-1.303217686685168e+18,5.59876687076224e+16,1833.639055995966,1913.4569548198867,1679.3604623131555,21.732013740348545,452.1288268677219,-585.5247591535207,-133.39593228579878,1176,485,6169,7830
72,ETH_USDC,ETH,USDC,2023-11-03,1698969600,1801.365601994968,-21.6149543883173,1849.4072336859815,7.379396477164129,-14.235557911153172,2.8715381917815112e+20,-2.8313537000932072e+20,4.018449168830399e+18,1796.897894231588,1841.517,1634.7426588175963,13.492572083182264,546.3051761242168,-482.5631023387693,63.742073785447474,1220,482,6562,8264
73,ETH_USDC,ETH,USDC,2023-11-04,1699056000,1841.6404186117852,-32.04783143301067,1903.1027172564925,8.624702339243512,-23.42312909376716,7.552792029788402e+20,-7.521889532819554e+20,3.090249696884818e+18,1835.5917993704968,1869.440198819509,1805.86226151658,6.643472548985288,643.3677208824392,-610.9569580176184,32.41076286482087,1525,690,10410,12625
74,ETH_USDC,ETH,USDC,2023-11-05,1699142400,1885.5429516631016,-31.14285046754997,1899.8669740275216,6.685115078605598,-24.457735388944368,1.0955678423422368e+21,-1.0949673004323789e+21,6.005419098578616e+17,1884.1405639873703,1915.1879661561716,1811.0006104673128,14.53111000931688,713.0511016263847,-687.1832873652131,25.86781426117159,1380,689,9553,11622
75,ETH_USDC,ETH,USDC,2023-11-06,1699228800,1889.198003152058,-11.660748364238016,1912.30163812012,2.025256301372002,-9.635492062866014,3.5559614682400454e+17,-2.890339674458383e+17,6.656217937816627e+16,1892.271702359344,1916.0587144208343,1806.3279432869683,9.656945026657311,347.739095211366,-361.01797116478144,-13.278875953415422,851,344,4776,5971
76,ETH_USDC,ETH,USDC,2023-11-07,1699315200,1870.680690349108,-25.49320665317197,1875.6167791248904,5.120856218129338,-20.372350435042637,5.535055353824589e+16,-2.9601218582671816e+16,2.574933495557407e+16,1888.2156708717928,1904.1375247611572,1681.3667607661584,13.571379574622071,508.1904712049503,-544.4328890011193,-36.24241779616904,860,404,5114,6378
77,ETH_USDC,ETH,USDC,2023-11-08,1699401600,1890.508000000324,-10.370365581977484,1910.054560966044,3.6520222804642186,-6.718343301513266,4.040947513356975e+20,-4.04044302880364e+20,5.044845533351117e+16,1884.6663180271364,1902.7356204832347,1637.3211176187317,19.06068946887945,417.6949254603479,-423.1906628906792,-5.495737430331246,733,340,5101,6174
78,ETH_USDC,ETH,USDC,2023-11-09,1699488000,1922.735665976841,-26.014778305562807,2332.4048397821566,5.950051013111771,-20.064727292451035,1.4521183642329408e+17,-1.7273660218994605e+17,-2.752476576665197e+16,1916.824111560954,2123.9252,1808.177740155372,39.387763688468056,548.2411369463885,-302.42757163225247,245.813565314136,445,274,3483,4202
79,ETH_USDC,ETH,USDC,2023-11-10,1699574400,2107.498424104881,-36.23816696718544,2179.012884688241,12.922571317230766,-23.31559564995467,2.0590268287105856e+17,-2.9848531630152646e+17,-9.25826334304679e+16,2098.672502179599,2140.487,1809.3519355579308,15.27461620600774,272.6248169140076,-291.7807721168471,-19.15595520283955,313,275,2517,3105
80,ETH_USDC,ETH,USDC,2023-11-11,1699660800,2077.8346705429185,-15.176308146680432,2078.131494898124,2.576666395106209,-12.599641751574223,1.4925449350732205e+17,-1.9370334067928026e+17,-4.444884717195821e+16,2058.595669485677,2278.711102829303,1652.5580701992526,16.69443172178476,466.5025031106675,-486.4867961939465,-19.984293083279,618,355,6235,7208
81,ETH_USDC,ETH,USDC,2023-11-12,1699747200,2039.2903911125989,-21.55022170246752,2050.0881105376748,5.680508351217167,-15.86971335125035,2.0467348608465437e+17,-8.766923097819888e+16,1.1700425510645546e+17,2051.9684554114087,2074.371268121955,1664.6079619778116,11.204842360668568,607.4380414024643,-603.3846294682795,4.053411934184737,953,443,7900,9296
82,ETH_USDC,ETH,USDC,2023-11-13,1699833600,2049.682819922856,-17.520707832074432,2057.3251882289987,3.072786768602908,-14.447921063471526,6.5878152057153576e+16,-4.557906793801474e+16,2.029908411913884e+16,2053.548059698829,2111.240487804878,1666.0153585271278,17.72472896654514,479.135775880474,-478.7086022317138,0.4271736487601743,529,283,4249,5061
83,ETH_USDC,ETH,USDC,2023-11-14,1699920000,2051.9426443733787,-34.88535022079091,2049.4785857789343,9.05907818325258,-25.82627203753833,5.18420854855653e+18,-5.180672146622267e+18,3536401934262272.0,2056.141875527217,2076.907142857143,1811.2182357141808,23.05795211852992,661.5043231522959,-738.9250125769445,-77.42068942464857,772,411,6181,7364
84,ETH_USDC,ETH,USDC,2023-11-15,1700006400,1996.68005577816,-11.964169264220809,1994.6022951223388,2.500922099490108,-9.4632471647307,1.074265201745335e+20,-6.38734721322757e+16,1.0736264670240122e+20,1987.0074390056664,2060.9462857142858,1667.4783593411992,23.820933705329526,654.9278476467763,-558.8774508334807,96.0503968132956,533,338,5720,6591
85,ETH_USDC,ETH,USDC,2023-11-16,1700092800,2046.2707136481704,-17.990855895572246,2054.861964298696,7.37354452095323,-10.617311374619016,6.241500758695923e+18,-6.371438409260019e+17,5.60435691776992e+18,2050.651713198636,2087.4722,1676.3675275762812,35.070906714462545,806.7148127943747,-880.2780389915955,-73.56322619722084,413,242,6614,7269
86,ETH_USDC,ETH,USDC,2023-11-17,1700179200,1972.5639782847063,-14.925307167821494,1976.9474343998857,15.2561494728078,0.3308423049863052,3.2507376729261486e+18,-1.6308315640750243e+17,3.0876545165186463e+18,1972.8677272727275,1995.564789292088,1689.451622893829,16.089456134488636,796.9011937964208,-807.4798127297443,-10.578618933323469,635,392,8779,9806
87,ETH_USDC,ETH,USDC,2023-11-18,1700265600,1945.036444442425,-27.260511768630224,1942.6119753759683,10.810970409940428,-16.449541358689796,1.5623156886044888e+20,-1.3424703089541997e+20,2.1984537965028934e+19,1944.7649668511517,1981.5008,1698.1196258238654,12.665363032788498,1219.0541052997194,-1237.7168698122089,-18.662764512489503,792,465,13859,15116
88,ETH_USDC,ETH,USDC,2023-11-19,1700352000,1959.0162749838169,-99.4495603857472,1960.359452355942,20.118712638720545,-79.33084774702664,1.1835320040459125e+19,-7.604839051803978e+16,1.1759271649941082e+19,1959.1268973315243,2012.3102295551148,1713.3200653297067,12.159072340759623,1137.5661269941268,-1079.0737146015076,58.49241239261914,975,517,13013,14505
89,ETH_USDC,ETH,USDC,2023-11-20,1700438400,2024.9664946426717,-21.641392581442343,2024.5405759326225,9.534764650193337,-12.10662793124901,1.5215892492766764e+18,-4.395647811282493e+18,-2.8740585620058163e+18,2023.560615680557,2065.566718052541,1959.4018453661945,15.01828067901325,1034.866462423984,-1050.101404188331,-15.234941764346786,440,279,6854,7573
90,ETH_USDC,ETH,USDC,2023-11-21,1700524800,2011.2963866207729,-51.6065986746337,2012.4619461294683,18.8794863537509,-32.7271123208828,4.041587134822032e+18,-3.89743093345968e+18,1.4415620136235213e+17,2012.1466666666668,2032.759361314223,1723.827041408097,15.833206647372863,728.8217769777643,-856.6711169522125,-127.84933997444818,760,416,9123,10299
91,ETH_USDC,ETH,USDC,2023-11-22,1700611200,2001.2392945675065,-68.13486762192932,2013.985322012346,21.19860182795559,-46.93626579397373,5.0562852408363226e+17,-4.351894677877313e+17,7.043905629590093e+16,2003.5709223836136,2085.553864520673,1711.7297296814831,29.564850434112177,805.6934683648944,-640.4433158567587,165.25015250813578,848,454,10029,11331
92,ETH_USDC,ETH,USDC,2023-11-23,1700697600,2065.119722968118,-52.42895786891175,2066.0573607722117,14.084961706770857,-38.3439961621409,2.3554050723252383e+18,-2.2633570906861235e+18,9.204798163911475e+16,2065.168212758192,2087.0599679674806,1751.6989938530678,11.119786899936768,860.5211911493597,-861.9189800306718,-1.3977888813121808,810,458,10898,12166
93,ETH_USDC,ETH,USDC,2023-11-24,1700784000,2077.665036714944,-102.3810912654776,2107.7816548104624,58.14822073549338,-44.23287052998423,1.1124475402879968e+18,-1.0045314416232252e+18,1.0791609866477184e+17,2077.858694513465,2129.4011,1766.9764141211192,20.04369526180349,1161.9279339731977,-1145.4169571912155,16.51097678198198,1061,533,14593,16187
94,ETH_USDC,ETH,USDC,2023-11-25,1700870400,2082.9141962154654,-80.42555501685831,2083.339567084765,31.99260362557184,-48.43295139128647,2.5361586553856573e+18,-5.106602870999206e+17,2.0254983682857367e+18,2082.401603351829,2108.6420469898167,1786.5617270216687,11.28562115726104,1287.860977405585,-1265.3885488789304,22.47242852665454,1473,612,16196,18281
95,ETH_USDC,ETH,USDC,2023-11-26,1700956800,2080.391309755249,-87.09693831487559,2082.7803563209013,34.49008767432048,-52.60685064055511,1.7517152060397042e+19,-1.6164886578126244e+19,1.3522654822707978e+18,2078.9795450886763,2108.268,1805.8088822888471,17.481739328798493,1306.4335980542226,-1401.4911926100629,-95.0575945558403,1960,786,15555,18301
96,ETH_USDC,ETH,USDC,2023-11-27,1701043200,2046.9588123195056,-109.87350780885532,2048.920005888139,35.59159389291639,-74.28191391593892,1.9067325267840952e+18,-2.416330845986695e+18,-5.095983192026e+17,2046.5427505268756,2079.781570054604,1925.8667242509975,18.287883236816924,1118.446281248511,-1261.22685090938,-142.7805696608691,2976,875,12924,16775
97,ETH_USDC,ETH,USDC,2023-11-28,1701129600,2019.4937756848124,-93.57144432159112,2015.065753801054,39.3663893470368,-54.20505497455433,1.0074401301834468e+18,-9.318842014449164e+17,7.55559287385303e+16,2020.9454169680669,2069.3205184812487,1940.059873372624,15.100662339082398,888.1300845704458,-806.4027894216786,81.72729514876721,1989,654,9327,11970
98,ETH_USDC,ETH,USDC,2023-11-29,1701216000,2055.1103807192585,-65.68389181081227,2058.0952612407723,30.780999926082625,-34.90289188472964,7.344247619157686e+17,-9.259433826766514e+17,-1.915186207608828e+17,2053.579741915584,2072.566637527858,1604.6859991171266,12.030997799432395,1073.6221107746048,-1179.047601432599,-105.42549065799447,1213,563,7247,9023
99,ETH_USDC,ETH,USDC,2023-11-30,1701302400,2016.0655592473468,-44.8848774444781,2029.3335589423616,24.226600824482222,-20.65827661999588,7.360838897226653e+17,-6.89361396019674e+17,4.672249370299136e+16,2034.4805273914671,2049.926100881997,2003.807775409456,6.2817693030785975,1264.696880159001,-1171.5052270915587,93.1916530674423,1288,482,7252,9022
100,ETH_USDC,ETH,USDC,2023-12-01,1701388800,2119.976855965028,-94.5746855235554,2157.8097904207243,47.37481895039823,-47.19986657315716,9.059614563381344e+17,-7.279475288142182e+17,1.7801392752391603e+17,2093.391666666667,2110.514764906882,1605.1531172100745,14.309639915964064,1062.0604595206364,-915.7889805452312,146.27147897540533,1382,594,5153,7129
101,ETH_USDC,ETH,USDC,2023-12-02,1701475200,2135.957336718177,-80.48749519489161,2607.014860058239,18.61552386910639,-61.87197132578522,1.0861280653696808e+18,-1.079376111076086e+18,6751954293594880.0,2103.175589960225,2177.1311371084284,1607.0683763156685,24.703820673627387,717.9073416797573,-553.9068790006056,164.00046267915172,1309,586,4876,6771
102,ETH_USDC,ETH,USDC,2023-12-03,1701561600,2162.169712158323,-106.01134412874411,4423.689319484421,21.711767914188457,-84.29957621455566,1.178211951416921e+18,-8.517522040127224e+17,3.264597474041989e+17,2163.2068486035696,2207.748110969604,2013.7188444069789,12.28215094135733,707.7366849172549,-843.4996825705863,-135.76299765333135,1023,871,5111,7005
103,ETH_USDC,ETH,USDC,2023-12-04,1701648000,2331.291464013545,-104.2726869581352,2833.20975046051,20.61845262016253,-83.65423433797268,8.720354868010015e+17,-1.3291241916051886e+18,-4.570887048041872e+17,2233.5682406995898,2268.945826054804,2015.5418458610984,21.185554062859733,482.6607493741777,-409.5808312825022,73.07991809167555,436,526,2050,3012
104,ETH_USDC,ETH,USDC,2023-12-05,1701734400,2162.077610731547,-43.15324587369102,2354.8536132773665,16.952762868073624,-26.2004830056174,3.196296758826422e+17,-3.575824018148511e+17,-3.79527259322089e+16,2221.912999497299,2297.3762284279983,2016.0597503049223,30.650695311755392,636.1353416281496,-596.7313797342006,39.40396189394903,406,538,1453,2397
105,ETH_USDC,ETH,USDC,2023-12-06,1701820800,2307.774084275473,-36.91028110029694,2748.0204116740247,12.966152089090375,-23.944129011206567,2.6595970899047827e+17,-3.508160652309101e+17,-8.48563562404318e+16,2272.3333123397065,2309.4923974937847,2016.7340926926197,21.415317181578317,466.77559326684286,-631.5876019010703,-164.81200863422748,332,523,1261,2116
106,ETH_USDC,ETH,USDC,2023-12-07,1701907200,2291.766615435415,-40.65057363773113,2489.927409349302,25.59043605229152,-15.060137585439612,4.752336919550221e+19,-3.145435520534185e+17,4.720882564344879e+19,2256.4781284446904,2371.7500912406927,2017.275207558358,36.12159483552556,481.4353861048127,-423.7857947575374,57.64959134727525,777,490,2669,3936
107,ETH_USDC,ETH,USDC,2023-12-08,1701993600,2412.2054692967413,-61.82574654826821,2548.6111714055182,4.235968383920487,-57.58977816434773,4.661375799641253e+17,-3.9251647039490426e+17,7.362110956922106e+16,2360.856271998556,2400.50462451836,2013.7377226181325,32.65753955713003,650.6944472806995,-917.998348020999,-267.30390074029947,1025,688,3513,5226
108,ETH_USDC,ETH,USDC,2023-12-09,1702080000,2389.4720736059644,-63.99619266665284,2383.6931214462907,6.002338730330539,-57.993853936322296,8.02581485735906e+17,-3.3119969036420595e+17,4.713817953717001e+17,2359.3459514563106,2409.353242492771,2022.3960554950763,26.72226917060324,791.2978883796668,-690.2024919451895,101.09539643447728,1576,1079,4453,7108
109,ETH_USDC,ETH,USDC,2023-12-10,1702166400,2370.592283111132,-113.254647093746,2359.4017383621062,42.84838575445217,-70.40626133929382,1.136590632717434e+18,-7.446849637273981e+17,3.919056689900357e+17,2349.893283275944,2370.102048789032,2025.8693216643967,14.956955512868504,662.4080869101008,-628.0750390743929,34.33304783570793,1960,853,5867,8680
110,ETH_USDC,ETH,USDC,2023-12-11,1702252800,2211.0119423246315,-227.0998626558041,2154.3891433744525,168.95098764935733,-58.14887500644673,1.683494987835221e+18,-2.355183568491053e+18,-6.71688580655832e+17,2242.1041284972557,2355.9570147080544,2017.0249104637037,38.39907073151853,945.952731393098,-1166.1227510779722,-220.1700196848742,1662,1009,4608,7279
111,ETH_USDC,ETH,USDC,2023-12-12,1702339200,2215.6193087339657,-210.0915160109376,2177.8085196957118,85.40322309640834,-124.68829291452928,1.8251422115162555e+18,-1.8473708801019484e+18,-2.222866858569293e+16,2223.983728409091,2239.976180134791,2027.7112805040588,22.56656227388281,851.5846937236605,-964.852217374004,-113.2675236503436,1812,761,4488,7061
112,ETH_USDC,ETH,USDC,2023-12-13,1702425600,2203.063667850939,-105.91147629581256,2172.687325384069,21.021484009298977,-84.88999228651357,7.287209831221613e+17,-1.0916371696415146e+18,-3.629161865193533e+17,2179.5905,2282.3166136810364,2029.081929679733,31.54515036130457,876.0203365961996,-683.8238802031617,192.19645639303792,1122,574,2953,4649
113,ETH_USDC,ETH,USDC,2023-12-14,1702512000,2309.196586935013,-94.89300024808487,2407.4281692057248,24.916650867674274,-69.97634938041061,5.437391794469322e+17,-4.869843310207824e+17,5.675484842614989e+16,2281.258622042344,2326.6695529527874,2029.5579891675116,19.36517817229845,1373.480369804664,-1178.938854286152,194.54151551851191,1019,590,2986,4595
114,ETH_USDC,ETH,USDC,2023-12-15,1702598400,2293.1832705726124,-40.88158209106791,2162.011917174057,12.78133082717985,-28.10025126388806,2.230746607100123e+17,-2.018978300298324e+17,2.1176830680179904e+16,2268.438675267402,3452.777900875657,2029.8386154411185,48.93022123525769,392.1324696577138,-847.5826043576385,-455.4501346999247,673,332,1786,2791
115,ETH_USDC,ETH,USDC,2023-12-16,1702684800,2263.8181388120784,-42.90242874272904,2330.635554220913,15.194165002073657,-27.708263740655383,2.339652311991463e+17,-1.7024766841899142e+17,6.371756278015488e+16,2245.9409427388096,3449.1746565345616,2030.749787741812,32.11407413179388,464.7838645094186,-452.80168231231295,11.982182197105658,658,323,1933,2914
116,ETH_USDC,ETH,USDC,2023-12-17,1702771200,2187.5207903924643,-50.32180889870179,1657.9798650661446,18.820716776972503,-31.50109212172929,2.44845266069277e+17,-2.576343884203092e+17,-1.2789122351032192e+16,2217.6292766666666,2287.677801660289,2200.28685,10.7464910978607,600.3585801770432,-871.4549918099465,-271.09641163290325,1189,554,2928,4671
117,ETH_USDC,ETH,USDC,2023-12-18,1702857600,2162.6912201617724,-74.43443235241563,2101.673666722466,17.118906828036657,-57.31552552437897,2.7614490059962822e+17,-3.331042221582403e+17,-5.695932155861206e+16,2171.161740936019,2285.6,2129.876186206897,22.68283778280356,569.0081245398387,-634.8435504358462,-65.83542589600745,789,648,1757,3194
118,ETH_USDC,ETH,USDC,2023-12-19,1702944000,2211.9985055253064,-48.3641464905679,2240.0137352652423,14.033808232309376,-34.33033825825852,2.3571589330646717e+17,-2.20344365522428e+17,1.5371527784039136e+16,2234.765829728936,2285.04,2147.2829314904347,31.73964200385916,418.7746787924583,-572.2361721518594,-153.46149335940112,503,437,1533,2473
119,ETH_USDC,ETH,USDC,2023-12-20,1703030400,2206.531366411995,-58.29702293462398,2180.719832958343,17.56052953171443,-40.73649340290955,2.4098851973458566e+17,-2.2049617597894662e+17,2.049234375563904e+16,2208.8293809050774,2282.6496343685303,2174.49181380648,21.907872048013623,670.1425802014348,-650.5661805046673,19.576399696767567,538,395,1838,2771
120,ETH_USDC,ETH,USDC,2023-12-21,1703116800,2232.3931570846835,-59.79934047732697,2242.7236751839337,18.94785397153569,-40.851486505791286,2.3538949970461917e+17,-3.497064041263576e+17,-1.143169044217385e+17,2229.152257881485,2282.051393323808,2059.286878970332,21.06618644890524,1115.5538633336157,-759.251264643654,356.3025986899614,764,361,2457,3582
121,ETH_USDC,ETH,USDC,2023-12-22,1703203200,2309.4911551738533,-106.31042300284096,2439.1223718314204,15.093230831204844,-91.21719217163611,5.593417436074793e+17,-5.412959483338901e+17,1.8045795273589184e+16,2307.9631215650293,2343.916333361267,2238.716327,30.717525811455776,1429.933561604705,-864.2880574823375,565.6455041223671,992,805,3280,5077
122,ETH_USDC,ETH,USDC,2023-12-23,1703289600,2302.7508285414424,-53.81232056070344,2808.402071699905,12.249150019395053,-41.56317054130839,2.569804027187257e+17,-2.4373497124301792e+17,1.3245431475707776e+16,2291.861028814365,5253.892180509879,2268.9487846017305,54.16914531490717,798.2612277759989,-923.211191907631,-124.9499641316321,1515,1050,5017,7582
123,ETH_USDC,ETH,USDC,2023-12-24,1703376000,2308.2462776228967,-31.09411260110182,2337.0234884711995,16.09640428500318,-14.997708316098638,1.3943228401263565e+17,-1.3084944236631026e+17,8582841646325392.0,2292.9888779837997,2796.375912193391,2256.24223,21.516364978255183,629.6369325034909,-784.8351773061086,-155.19824480261764,2094,762,4258,7114
124,ETH_USDC,ETH,USDC,2023-12-25,1703462400,2282.881838428154,-50.90393041379349,2356.3956727172235,28.91578048585981,-21.98814992793368,2.6096052898259427e+17,-2.931296089287552e+17,-3.216907994616093e+16,2277.724269085244,2354.31,2012.4168413265047,9.61328975038352,1145.8742149137606,-1252.6771215144022,-106.80290660064156,1784,709,5196,7689
125,ETH_USDC,ETH,USDC,2023-12-26,1703548800,2228.620893235654,-117.76618301008266,2240.88493439394,41.08964808153093,-76.67653492855172,6.081696772622831e+17,-4.3399870552697306e+17,1.7417097173531008e+17,2238.373333333333,2281.270385266078,1844.0621305761345,22.278789072557643,800.6322122592048,-1063.655414565333,-263.0232023061285,1589,922,5965,8476
126,ETH_USDC,ETH,USDC,2023-12-27,1703635200,2276.064211912967,-95.75594265719648,2325.361035660335,32.00637275580309,-63.74956990139339,5.601953774838781e+17,-6.846107672830784e+17,-1.2441538979920026e+17,2261.4921613674505,2380.7113634795487,2214.1772809141494,54.08594889779118,1208.459433782217,-711.3760461785181,497.08338760369895,1626,1313,5191,8130
127,ETH_USDC,ETH,USDC,2023-12-28,1703721600,2386.515733405852,-85.61628312555166,2959.868882106659,11.32438534027732,-74.29189778527434,4.800795236713815e+17,-4.4416416066501536e+17,3.5915363006366144e+16,2380.501415357988,188226.72037220924,1810.8663392477677,3515.8787545540267,1023.6385660301478,-1133.6583083056073,-110.01974227545952,1467,1174,5588,8229
128,ETH_USDC,ETH,USDC,2023-12-29,1703808000,2335.210066937594,-105.37685071797787,2433.705755203228,18.66943292152024,-86.70741779645765,4.709466124353176e+17,-2.7579029270043206e+17,1.951563197348856e+17,2347.056530093377,2612.5843733764154,1811.2184483191684,38.52833656992333,1302.9973203254767,-2131.2239247563,-828.2266044308235,1771,1068,7978,10817
129,ETH_USDC,ETH,USDC,2023-12-30,1703894400,2299.229036702292,-69.03834791209825,2329.164887702372,11.039680834958869,-57.99866707713937,3.49687017536448e+17,-3.331712213387839e+17,1.6515796197664128e+16,2298.9699865668936,2321.15,2272.533512444445,8.109696507380411,796.4282036139637,-816.5678334795348,-20.139629865571123,1602,965,8401,10968
130,ETH_USDC,ETH,USDC,2023-12-31,1703980800,2303.45968722642,-44.185605663142624,2405.3760857611637,11.819195547009178,-32.366410116133444,1.0181305282814836e+18,-2.4587177880922763e+19,-2.356904735264128e+19,2300.5957970102045,2320.6,1811.6430091212271,11.65397193199102,1205.5479117216842,-1095.1449138501653,110.40299787151888,1452,700,8777,10929
131,ETH_USDC,ETH,USDC,2024-01-01,1704067200,2324.672664000004,-56.810265656178174,2409.06463399053,20.18469150518284,-36.62557415099533,3.327738562717349e+17,-2.8244420288736493e+17,5.032965338436998e+16,2300.534097338443,2347.2485845569195,1829.4698654910208,18.30458139586561,1130.2806563433123,-780.7332686475197,349.5473876957926,1529,995,8245,10769
132,ETH_USDC,ETH,USDC,2024-01-02,1704153600,2383.875856143438,-95.70134164215834,3887.536408726065,18.243923753149232,-77.45741788900911,5.005366601768526e+17,-5.367381852733405e+17,-3.620152509648787e+16,2383.209208362863,2430.3752047635844,2318.3274363775813,18.71954007058813,1123.2439429414726,-1119.117885125008,4.126057816464709,1519,1190,6716,9425
133,ETH_USDC,ETH,USDC,2024-01-03,1704240000,2299.4446767057225,-78.12188203957453,2368.833391760224,36.94332782939527,-41.178554210179264,3.875890320285625e+17,-4.322392500006887e+17,-4.465021797212621e+16,2365.717840455822,2381.084525437246,1618.971650573088,73.77925372653193,1063.7338140026832,-1760.0188742580235,-696.2850602553406,1001,848,5678,7527
134,ETH_USDC,ETH,USDC,2024-01-04,1704326400,2232.518214217521,-122.7084701769006,2227.396334317897,35.78286967538808,-86.92560050151252,5.866341667120453e+17,-6.688527978722641e+17,-8.221863116021875e+16,2237.739713322091,2434.784021577205,2098.474282141265,24.876587536449797,1653.3629223429873,-1223.1528862383138,430.2100361046735,1579,810,7255,9644
135,ETH_USDC,ETH,USDC,2024-01-05,1704412800,2256.0495426104367,-47.78985677774547,2172.835861154797,18.033963607303885,-29.755893170441585,2.4931718695218963e+17,-1.924761086383832e+17,5.684107831380646e+16,2247.1037556025112,2430.0,2098.930473689431,13.700382903434004,1338.897243980836,-1484.5063361529928,-145.6090921721568,1640,648,7666,9954
136,ETH_USDC,ETH,USDC,2024-01-06,1704499200,2238.949568217431,-56.46325819108441,2397.046119152954,29.01554461118065,-27.447713579903755,3.7638489235847264e+17,-2.729509698130413e+17,1.034339225454313e+17,2239.779446,2403.784952567235,2099.9478002072806,11.531751502412572,815.9711465545493,-991.8317666411735,-175.8606200866243,1625,891,8073,10589
137,ETH_USDC,ETH,USDC,2024-01-07,1704585600,2239.4154712280165,-46.970778322497175,2220.1603062818963,20.26911611973054,-26.701662202766634,2.787929944408108e+17,-2.497714794120016e+17,2.9021515028809216e+16,2241.961272,2363.4995511524858,2099.974264910185,7.554921742977124,874.2956945560991,-1003.5135814166838,-129.2178868605847,973,533,5118,6624
138,ETH_USDC,ETH,USDC,2024-01-08,1704672000,2236.391967037556,-84.75255891672262,2369.7157544394345,24.78630351845476,-59.96625539826786,6.378618625542973e+17,-7.211962666141935e+17,-8.33344040598962e+16,2235.260501485511,2356.3636363636365,2099.983846189261,47.12788841985089,1691.5833920815107,-1318.6516496518125,372.9317424296983,1227,929,5711,7867
139,ETH_USDC,ETH,USDC,2024-01-09,1704758400,2309.9906165960883,-75.90245737001058,2274.2550655445493,18.149886966174904,-57.75257040383568,4.847463117391401e+17,-4.0326665969957005e+17,8.147965203957005e+16,2297.0860007148017,2343.0489598077247,2250.327018691589,20.647649849447877,1478.8248162749987,-1415.4712998722994,63.35351640269937,1320,790,6607,8717
140,ETH_USDC,ETH,USDC,2024-01-10,1704844800,2438.975429953417,-118.8711057940799,6779.904796008681,16.422725489737438,-102.44838030434246,7.689462589620136e+17,-9.576653688741836e+17,-1.887191099121701e+17,2387.0830646281847,2610.7521463822786,2313.389929889589,52.48086670426292,2314.7976056916127,-2272.1100800594686,42.68752563214412,979,1003,5183,7165
141,ETH_USDC,ETH,USDC,2024-01-11,1704931200,2626.2784401083163,-235.81362636549815,3590.219766656944,65.14738708151542,-170.66623928398275,1.7299351736732536e+18,-1.8192071103897887e+18,-8.927193671653504e+16,2607.742,2735.461287609034,2313.7422697256197,27.801867077835198,1526.816379857465,-2246.1985300388287,-719.3821501813636,1298,1423,6501,9222
142,ETH_USDC,ETH,USDC,2024-01-12,1705017600,2631.0774897537976,-107.72943651369836,4852.4208234861335,13.87349992056068,-93.85593659313768,4.660124814036088e+17,-4.259612169899084e+17,4.005126441370048e+16,2603.512146351733,2711.3417454792025,2314.5789453654083,43.9085647635106,2518.961395165359,-3499.1029616804226,-980.1415665150636,1140,1088,11675,13903
143,ETH_USDC,ETH,USDC,2024-01-13,1705104000,2561.636380400756,-131.84993095015037,2569.570454361188,18.75122785935461,-113.09870309079577,7.07589272456161e+17,-4.316228099671192e+17,2.759664624890418e+17,2548.2243140635346,2586.3812839747598,1946.1558297956312,19.446864135423976,1410.4371919611413,-1341.6751172903955,68.76207467074573,1201,1045,11704,13950
144,ETH_USDC,ETH,USDC,2024-01-14,1705190400,2528.1851965482183,-63.40555455386681,2506.973468321577,23.190115145839435,-40.21543940802737,8.180596775929656e+17,-7.541083415027935e+17,6.395133609017216e+16,2536.71522,2579.869356777691,2318.82691555214,21.563400972240306,783.8206217719999,-2149.3061709543035,-1365.4855491823037,933,626,6872,8431
145,ETH_USDC,ETH,USDC,2024-01-15,1705276800,2528.398606415672,-92.89945149919576,2522.2592813478004,101.58912898225998,8.68967748306423,1.8433997230622885e+29,-1.3662308623218757e+18,1.843399723048626e+29,2520.162421,2560.0000000000005,2226.8463576797294,17.14209890071829,1267.3120297762684,-1333.8855087642014,-66.57347898793296,938,752,9020,10710
146,ETH_USDC,ETH,USDC,2024-01-16,1705363200,2539.3544091991253,-142.6176610538743,2477.0879301198274,18.558478325763744,-124.05918272811054,2.57712142968124e+18,-2.426136621107269e+18,1.5098480857397043e+17,2533.938622143276,2609.5138768951374,2321.7635309726093,24.747205774317734,2718.214099405261,-1809.3693766209703,908.844722784291,740,573,8233,9546
147,ETH_USDC,ETH,USDC,2024-01-17,1705449600,2551.5764138961963,-83.45075229970655,2591.824828627734,35.398166299852086,-48.05258599985447,5.2187035072725466e+17,-4.4334572283180006e+17,7.85246278954546e+16,2544.857516333333,2589.4546149925254,2322.078822031708,17.45771480618661,1213.486353694845,-1843.683721794957,-630.1973681001118,623,369,6205,7197
148,ETH_USDC,ETH,USDC,2024-01-18,1705536000,2515.3350630314185,-201.00512352951995,2528.0854706467726,143.20065646850253,-57.80446706101742,1.2770136212289664e+18,-9.479047008612544e+17,3.29108920367712e+17,2517.319250436167,2551.0,2322.5789248449123,31.70525034404612,1535.7054034154633,-3916.5261197737727,-2380.8207163583093,770,495,7648,8913
149,ETH_USDC,ETH,USDC,2024-01-19,1705622400,2481.82835362863,-75.45980053535936,2478.001504907392,100.87488578552914,25.41508525016978,4.0838459193833306e+17,-7.042420567690322e+17,-2.9585746483069914e+17,2473.62344275701,2542.1487603305786,2323.2453398958846,16.516236480675513,2303.171561079097,-2009.3954963253125,293.77606475378525,882,642,8822,10346
150,ETH_USDC,ETH,USDC,2024-01-20,1705708800,2464.559745060538,-47.20514623786588,2389.4599921592144,8.968665736714383,-38.2364805011515,3.866282280814661e+17,-2.4122053427609203e+17,1.4540769380537408e+17,2468.361059282673,2489.641588744309,2323.850283519409,8.779645058845734,886.8210554310458,-966.4836854687396,-79.66263003769382,1120,688,10197,12005
151,ETH_USDC,ETH,USDC,2024-01-21,1705795200,2461.431824374659,-50.78211498149384,2465.659441963072,12.6917341434871,-38.09038083800674,3.321079600195319e+17,-2.388545869573692e+19,-2.355335073571738e+19,2472.73525,2483.3448181818185,2324.2543211301804,6.263946420043369,1041.060450827266,-1066.8910260306225,-25.8305752033566,1437,741,14712,16890
152,ETH_USDC,ETH,USDC,2024-01-22,1705881600,2390.690636155107,-139.99088579637186,4170.516922785802,29.15641970826683,-110.83446608810502,5.895108705431283e+17,-9.009328044409416e+17,-3.1142193389781325e+17,2382.38416,2460.826492237993,2313.289181818182,37.75223338736058,1400.9168377965743,-3633.217125537965,-2232.30028774139,1386,1227,11715,14328
153,ETH_USDC,ETH,USDC,2024-01-23,1705968000,2267.550985533752,-139.36973789331773,2099.6307034455194,19.776785610332773,-119.59295228298495,4.697595564120684e+17,-1.113845252189602e+18,-6.440856957775336e+17,2226.286084,2507.0217917675545,2132.242173955845,56.73580951074624,1983.163250215159,-3772.7530303794897,-1789.5897801643307,1586,1276,14314,17176
154,ETH_USDC,ETH,USDC,2024-01-24,1706054400,2235.4575794409798,-82.60681316688704,2226.066409110008,17.29518200558869,-65.31163116129835,4.563197374140645e+17,-3.7550458037608864e+17,8.081515703797587e+16,2233.290591,2261.1712266822783,2132.4554635321992,10.385951683543231,2098.1070314486437,-2251.4936883933974,-153.38665694475412,1615,1309,13943,16867
155,ETH_USDC,ETH,USDC,2024-01-25,1706140800,2219.207559724782,-49.8890124301404,1907.9175564026705,17.38414570617278,-32.504866723967616,2.216635884854773e+17,-2.3293664750829606e+17,-1.1273059022818752e+16,2217.3463080635856,2236.236174504464,2132.5854846566936,11.522664344829094,1174.9504269463414,-1384.4630160281058,-209.5125890817644,752,505,6814,8071
156,ETH_USDC,ETH,USDC,2024-01-26,1706227200,2239.6979971774645,-149.43668186992264,2041.0859975747344,101.93093290719187,-47.50574896273076,7.243190033706007e+17,-5.414522166753548e+17,1.8286678669524595e+17,2241.701054904041,2276.449808390231,2132.60372887917,21.001443730953408,2276.639552201756,-1098.247845309085,1178.3917068926703,690,536,9073,10299
157,ETH_USDC,ETH,USDC,2024-01-27,1706313600,2266.592483388817,-56.799209768091146,2395.225373100153,10.60149469360085,-46.1977150744903,2.698117861921592e+17,-2.0840746909881773e+17,6.140431709334144e+16,2265.1903996325805,2756.5047175508107,2132.7379814728483,18.690280164399205,1343.4493237195234,-946.994925789326,396.4543979301974,1081,609,11910,13600
158,ETH_USDC,ETH,USDC,2024-01-28,1706400000,2280.13066362718,-65.36420791220834,2393.9210577679046,29.094979888142927,-36.26922802406541,4.055014823550506e+17,-4.391863789429077e+17,-3.368489658785709e+16,2275.7067240495985,2327.523534800243,2132.931458094845,12.604506670812464,2174.945987637925,-2333.4158045558047,-158.4698169178796,1099,618,14438,16155
159,ETH_USDC,ETH,USDC,2024-01-29,1706486400,2275.524811559769,-75.32906533145872,2404.3653553113354,21.171915020540634,-54.15715031091808,6.575284402126986e+17,-3.495750672549493e+17,3.079533729577493e+17,2268.070593266078,2325.2301718719327,2092.38824154129,18.22871300783836,3895.3736808959175,-1517.474531619922,2377.899149275996,858,655,14452,15965
160,ETH_USDC,ETH,USDC,2024-01-30,1706572800,2323.640549108689,-77.27986084915378,2737.4530677175653,12.37919735666762,-64.90066349248616,3.8357269326905306e+17,-5.352310628655736e+17,-1.5165836959652058e+17,2313.267186,2384.4227402617853,2275.487123966524,25.32347257001582,3566.7598200659963,-1494.7457556666782,2072.014064399318,1036,683,11645,13364
161,ETH_USDC,ETH,USDC,2024-01-31,1706659200,2333.9406768243007,-75.41481893804315,2336.2493187324785,33.0596752292015,-42.35514370884165,4.254416508488371e+17,-4.082722277162904e+17,1.7169423132546752e+16,2318.6585461848385,2347.622007567206,2000.0,18.561878214806715,2915.807646533118,-6546.958400304136,-3631.1507537710186,835,730,16663,18228
162,ETH_USDC,ETH,USDC,2024-02-01,1706745600,2278.748405676975,-41.75068841119764,2260.9436291362586,15.085404302109666,-26.665284109087978,2.403067194364397e+17,-2.142874017776559e+17,2.601931765878384e+16,2274.4887690988617,2328.2190876845666,2052.9503714042094,14.93872449284587,3647.853144585126,-3082.8037908156857,565.0493537694401,571,439,11296,12306
163,ETH_USDC,ETH,USDC,2024-02-02,1706832000,2302.7160973331584,-40.11467966763836,2344.6447767424843,7.813619585180858,-32.301060082457504,2.444272996131063e+17,-2.6605313973253667e+17,-2.162584011943037e+16,2304.501454177838,2331.0000000000005,2267.229263299267,6.914772572276936,2197.313955412564,-1965.617736516527,231.69621889603675,610,409,10239,11258
164,ETH_USDC,ETH,USDC,2024-02-03,1706918400,2312.4374906069606,-33.23685406990277,2399.5914458097,16.65382384348172,-16.583030226421048,1.99984938858634e+17,-1.8714492218265e+17,1.2840016675984032e+16,2307.5460720771957,2323.333333333333,1666.6666666666663,11.537886319150712,1351.0937707280748,-1630.0662501879465,-278.9724794598717,882,437,9892,11211
165,ETH_USDC,ETH,USDC,2024-02-04,1707004800,2277.931394354361,-31.22806572087936,2367.097522043377,19.81040379076623,-11.417661930113129,1.9159872825295302e+17,-1.4439230040882714e+17,4.720642784412589e+16,2298.6471574258176,2308.0669144981416,2250.0,6.261291417775488,1634.775480734644,-2713.271042125259,-1078.495561390615,1004,466,11737,13207
166,ETH_USDC,ETH,USDC,2024-02-05,1707091200,2283.8580384111647,-48.13991986887756,2289.562660167544,22.95198159738569,-25.187938271491863,3.82348803254539e+17,-3.1313394503597235e+17,6.921485821856666e+16,2299.7823760479505,2330.91634873978,2257.554910518122,15.132467688766605,2684.175188303145,-3200.3982061332044,-516.2230178300592,724,457,12618,13799
167,ETH_USDC,ETH,USDC,2024-02-06,1707177600,2313.08169991654,-65.16680626150377,2585.496501216045,20.431286238747035,-44.73552002275673,5.55119951929541e+17,-5.2757589503726886e+17,2.754405689227213e+16,2328.105075217736,2387.383236710817,2294.0233071909643,23.066570475506435,4220.840158230054,-1365.9050895000596,2854.9350687299943,717,486,9319,10522
168,ETH_USDC,ETH,USDC,2024-02-07,1707264000,2387.235544723884,-86.79069650335063,4696.765022200132,11.19637767666281,-75.59431882668783,1.01487025140858e+18,-9.6461650182352e+17,5.025374958505997e+16,2372.353188,2440.795462858467,2312.233791260173,24.47593780514824,3425.204768481177,-2048.858615977851,1376.3461525033258,844,639,9055,10538
169,ETH_USDC,ETH,USDC,2024-02-08,1707350400,2429.949023153124,-87.02859989388882,3299.8754410865554,13.70229227030346,-73.32630762358536,1.4423446647797023e+18,-9.076078060981388e+17,5.347368586815634e+17,2423.61368,2455.8337128002736,2313.284946297936,7.155933072663001,1824.3649027634697,-1417.8049101288732,406.5599926345965,688,510,6707,7905
170,ETH_USDC,ETH,USDC,2024-02-09,1707436800,2471.2012712082133,-115.6072944188393,4379.690667781164,32.674676908596595,-82.93261751024271,7.854185362820454e+17,-8.598644491973655e+17,-7.444591291532006e+16,2474.276224470255,2537.36035,2313.5856622998595,26.7290339292867,2870.6124697773216,-1421.9972915080552,1448.6151782692664,637,547,5888,7072
171,ETH_USDC,ETH,USDC,2024-02-10,1707523200,2501.8578016671427,-73.15814979518481,3650.008105478436,6.835689423153606,-66.3224603720312,3.741852554020486e+17,-2.635780083905303e+17,1.1060724701151827e+17,2493.4482187824333,2514.4079652852483,2313.9498421674675,10.491816830434194,1279.495111311404,-1301.31069335858,-21.81558204717612,1112,686,8254,10052
172,ETH_USDC,ETH,USDC,2024-02-11,1707609600,2522.728605538087,-111.92619876750724,3948.906864945595,23.44305065143948,-88.48314811606775,1.0085468096661784e+18,-7.97564381787247e+17,2.1098242787893146e+17,2514.624032161427,2538.6013861334977,2314.5181638146955,12.275100522421296,2160.7593308985997,-2468.703954766194,-307.9446238675946,1442,924,12469,14835
173,ETH_USDC,ETH,USDC,2024-02-12,1707696000,2531.5114531885934,-185.19047070696465,5214.941882661036,16.770615899520116,-168.41985480744452,1.2715882904523914e+18,-1.8433997230584548e+29,-1.8433997230457388e+29,2513.9829069767443,2658.9109227769377,1295.1970220488136,53.12733329821226,12220.287908670529,-2772.3430436823246,9447.944864988203,1463,1005,20987,23455
174,ETH_USDC,ETH,USDC,2024-02-13,1707782400,2654.157026201244,-157.0883568745867,6608.441633112557,19.13980387424297,-137.94855300034374,1.1128321159206204e+18,-1.2312652935942144e+18,-1.1843317767359398e+17,2645.198730177059,2683.931537210351,2316.5377312755977,23.26515467248869,5158.507601455907,-6151.521368511288,-993.0137670553804,1928,1449,21614,24991
175,ETH_USDC,ETH,USDC,2024-02-14,1707868800,2742.8569240053366,-169.8219040783697,5433.351510655672,21.289399442115347,-148.53250463625434,1.6889744739291046e+18,-1.6695819818733417e+18,1.9392492055762944e+16,2739.590941,2786.9232202630856,2317.465876118072,54.22189776642691,7277.531070557075,-5506.172363004878,1771.3587075521964,1410,2304,21985,25699
176,ETH_USDC,ETH,USDC,2024-02-15,1707955200,2820.343567619144,-122.61179550165288,6911.973822450657,12.056532257325005,-110.55526324432788,9.09880964452871e+17,-1.2706706972412472e+18,-3.607897327883762e+17,2800.140144,2867.633002553414,2317.993157175358,20.39119615326501,3902.418752751596,-5157.997367936181,-1255.578615184585,860,1622,16620,19102
177,ETH_USDC,ETH,USDC,2024-02-16,1708041600,2827.7979452656778,-62.53373182049072,7356.6005149014,19.39451077083417,-43.13922104965654,3.996681311849601e+17,-4.040130523757299e+17,-4344921190769792.0,2823.424219256702,2856.2487239749025,2317.99972244544,26.00227318677165,2521.75242667492,-4613.866560196515,-2092.114133521595,622,1147,13135,14904
178,ETH_USDC,ETH,USDC,2024-02-17,1708128000,2784.7700875999926,-50.24197317990033,7251.741450968884,7.555166433340839,-42.68680674655949,2.93541673250438e+17,-3.887868327981948e+17,-9.524515954775674e+16,2781.5982258064514,2825.8,2318.057665849843,20.81367241408493,2165.9646238779133,-3624.1533443975977,-1458.1887205196845,632,1121,12071,13824
179,ETH_USDC,ETH,USDC,2024-02-18,1708214400,2839.373360282346,-72.80369843340594,7010.706535268676,9.795005344627786,-63.00869308877816,5.296248878058596e+17,-4.047788968839865e+17,1.2484599092187309e+17,2805.668571,2909.304639766038,2591.006216549131,27.558473941181603,4342.857958984695,-3754.577034865553,588.2809241191417,451,957,12715,14123
180,ETH_USDC,ETH,USDC,2024-02-19,1708300800,2939.629081831737,-110.4502862930944,8791.492914151759,7.521406942488238,-102.92887935060617,1.0055968147259808e+18,-1.2966353048515666e+18,-2.910384901255859e+17,2913.6060916666665,2990.43992905136,2591.1738613942875,23.52446418211674,3604.6069322737,-2793.636483682258,810.9704485914422,777,1163,9997,11937
181,ETH_USDC,ETH,USDC,2024-02-20,1708387200,2925.3027123501206,-131.83001899604827,17896.172636379717,33.59476000765011,-98.23525898839816,9.556363716692156e+17,-1.0687408008381172e+18,-1.1310442916890176e+17,2931.4166310728133,3039.401296817087,2826.3940233681838,29.904298602207355,43812.80186704407,-37615.18179542702,6197.620071617042,455,1630,53183,55268
182,ETH_USDC,ETH,USDC,2024-02-21,1708473600,2939.8516219107537,-176.41536089165498,11302.982281156332,51.802564792114815,-124.61279609954016,6.17619352571387e+17,-6.172882003317594e+17,331152239627648.0,2919.95899,3023.3045885975994,2826.826293844792,41.59728416054372,28529.29317105353,-22521.60408039286,6007.689090660675,578,1465,45621,47664
183,ETH_USDC,ETH,USDC,2024-02-22,1708560000,2992.5384330861048,-236.34671893109248,8642.00044299253,15.280159708248569,-221.06655922284392,1.2322849945735798e+18,-8.97259658337233e+17,3.3502533623634675e+17,2980.4947674599293,3034.25298072189,2914.280378,29.92585135772796,15271.279119199851,-18315.458683049503,-3044.1795638496515,629,1237,29564,31430
184,ETH_USDC,ETH,USDC,2024-02-23,1708646400,2934.4900609633632,-171.46136450344673,4865.888794383754,75.38049248627532,-96.08087201717142,8.280521326237535e+17,-5.281644046589602e+17,2.998877279647933e+17,2946.305312745227,3009.190724780898,2827.03104110044,21.31631973698277,13586.836149143985,-24188.778002995638,-10601.94185385165,509,1092,31906,33507
185,ETH_USDC,ETH,USDC,2024-02-24,1708732800,2960.9343417633804,-130.1612917219453,4871.809910098447,87.48281107670975,-42.67848064523555,5.333310547843926e+17,-6.285187453691267e+17,-9.518769058473408e+16,2963.089060326796,2997.446184,2908.5285714285715,21.983932300974367,14218.772157243637,-4843.834588876991,9374.937568366646,491,1389,22172,24052
186,ETH_USDC,ETH,USDC,2024-02-25,1708819200,3032.58128917511,-38.34741488623827,9336.631506465235,26.56377329625098,-11.78364158998729,7.680403580480794e+16,-9.075959571553842e+16,-1.395555991073048e+16,3012.724698464538,3031.560308328569,2985.1925235416666,13.827845574663366,1241.463432698259,-572.8554861667968,668.6079465314623,93,306,2741,3140
