,tag,token0,token1,date,timestamp,token0_hourly_price_median_mint,token0_hourly_amount_mint,token0_hourly_price_median_burn,token0_hourly_amount_burn,token0_hourly_amount_net_mint_burn,liquidity_hourly_sum_mint,liquidity_hourly_sum_burn,liquidity_hourly_net_mint_burn,token0_hourly_price_median_swap,token0_hourly_price_min_swap,token0_hourly_price_max_swap,token0_hourly_price_std_swap,token0_hourly_amount_buy_swap,token0_hourly_amount_sell_swap,token0_hourly_amount_net_swap,token0_hourly_amount_cum_buy_swap,token0_hourly_amount_cum_sell_swap,token0_hourly_amount_cum_net_swap,total_events_hourly_mint,total_events_hourly_burn,total_events_hourly_swap,total_events_hourly,token0_daily_amount_net_swap,liquidity_hourly_cum_sum_mint,liquidity_hourly_cum_sum_burn
0,STRK_USDT,STRK,USDT,2024-02-19 16:00:00,1708358400,,0.0,,0.0,0.0,0.0,0.0,0.0,,,,,,,,,,,1,0,0,1,,0.0,0.0
1,STRK_USDT,STRK,USDT,2024-02-20 08:00:00,1708416000,,0.0,,0.0,0.0,0.0,0.0,0.0,,,,,,,,,,,1,0,0,1,,0.0,0.0
2,STRK_USDT,STRK,USDT,2024-02-20 10:00:00,1708423200,,0.0,,0.0,0.0,0.0,0.0,0.0,,,,,,,,,,,2,2,0,4,,0.0,0.0
3,STRK_USDT,STRK,USDT,2024-02-20 12:00:00,1708430400,,0.0,,0.0,0.0,0.0,0.0,0.0,,,,,,,,,,,3,1,0,4,,0.0,0.0
4,STRK_USDT,STRK,USDT,2024-02-20 12:00:00,1708430400,,0.0,,0.0,0.0,0.0,0.0,0.0,2.112643326956876,2.9648266401778254,1.8432070632134112,0.3083888665147321,103081.92575228904,-67881.90028811546,35200.02546417358,103081.92575228904,-67881.90028811546,35200.02546417358,2,0,414,416,,0.0,0.0
5,STRK_USDT,STRK,USDT,2024-02-20 13:00:00,1708434000,,0.0,42.593982549092594,106.73248888526038,106.73248888526038,0.0,-1.3625475072940416e+17,-1.3625475072940416e+17,2.5252111961506416,2.99732310254644,1.80035767003367,0.3573582519058553,128560.83831447495,-107348.64149071187,21212.19682376308,128560.83831447495,-107348.64149071187,21212.19682376308,0,4,569,573,,0.0,-1.3625475072940416e+17
6,STRK_USDT,STRK,USDT,2024-02-20 15:00:00,1708441200,2.1729858665660995,-242.5261671246766,10.65909487220074,885.3799202709988,642.8537531463222,2.159660924272916e+16,-2.2683042569753456e+16,-1086433327024296.0,2.5967022789947203,4.0743166881482304,1.899810786501584,0.7167644021103221,2723.8124053690344,-2867.4080333467027,-143.5956279776683,2723.8124053690344,-2867.4080333467027,-143.5956279776683,3,2,158,163,,2.159660924272916e+16,-2.2683042569753456e+16
7,STRK_USDT,STRK,USDT,2024-02-20 15:00:00,1708441200,15.789585099490733,-0.780250647649846,,0.0,-0.780250647649846,2.0361470908925296e+16,0.0,2.0361470908925296e+16,2.478972209071673,2.8957137894439007,1.96429918573873,0.2604196845297741,43702.69671051246,-47146.43927993969,-3443.7425694272315,43702.69671051246,-47146.43927993969,-3443.7425694272315,2,0,223,225,,2.0361470908925296e+16,0.0
8,STRK_USDT,STRK,USDT,2024-02-20 16:00:00,1708444800,3.419081481858307,-1828.8026010704489,2.1986654345322254,81.80484585845228,-1746.9977552119965,9.265135668225192e+17,-9.132777452229774e+17,1.3235821599541888e+16,2.052467823847775,2.3424447275987115,1.80828,0.1394290832068598,3724.074868203305,-3439.127113384869,284.947754818435,3724.074868203305,-3439.127113384869,284.947754818435,8,3,59,70,,9.265135668225192e+17,-9.132777452229774e+17
9,STRK_USDT,STRK,USDT,2024-02-20 17:00:00,1708448400,1.99617492571249,-226.95456704460747,,0.0,-226.95456704460747,3196231244691642.0,0.0,3196231244691642.0,2.099776268854135,2.189123361887176,1.93842552,0.0786423775823634,9660.40179741302,-7948.528206900446,1711.873590512574,9660.40179741302,-7948.528206900446,1711.873590512574,5,0,114,119,,3196231244691642.0,0.0
10,STRK_USDT,STRK,USDT,2024-02-20 18:00:00,1708452000,2.0966983440563727,-188.34941049811383,1.3686060449635031,206.3793376037092,18.029927105595306,3829569097231222.5,-1078008643937319.0,2751560453293903.0,1.974934270945287,2.2415073000000003,1.7404898376811593,0.1302492409194905,37306.13433823489,-48238.90870017592,-10932.774361941025,37306.13433823489,-48238.90870017592,-10932.774361941025,3,1,305,309,,3829569097231222.5,-1078008643937319.0
11,STRK_USDT,STRK,USDT,2024-02-20 19:00:00,1708455600,2.0973421014832265,-94.999999595244,3.479583169321924,225.9651377016005,130.9651381063565,941863112732321.0,-1467391884491370.0,-525528771759049.0,2.06246274,2.11268651824646,1.9894192533333332,0.0411117472189764,1438.5786218469057,-2049.857519777562,-611.278897930657,1438.5786218469057,-2049.857519777562,-611.278897930657,2,1,56,59,,941863112732321.0,-1467391884491370.0
12,STRK_USDT,STRK,USDT,2024-02-20 20:00:00,1708459200,,0.0,,0.0,0.0,0.0,0.0,0.0,2.0268712268648343,2.047055721062313,1.995674225,0.0191836354215173,83.13512940337972,-160.0,-76.86487059662028,83.13512940337972,-160.0,-76.86487059662028,0,0,10,10,,0.0,0.0
13,STRK_USDT,STRK,USDT,2024-02-20 21:00:00,1708462800,1000000000000.0,-1.0228669e-11,,0.0,-1.0228669e-11,1283705417.0,0.0,1283705417.0,1.984864313846154,11.22814,1.0004727149661377,3.419316733580019,553.1169908937209,-1183.0,-629.8830091062791,553.1169908937209,-1183.0,-629.8830091062791,1,0,40,41,,1283705417.0,0.0
14,STRK_USDT,STRK,USDT,2024-02-20 22:00:00,1708466400,2.053837631489996,-27.1699286956374,,0.0,-27.1699286956374,265876253958371.0,0.0,265876253958371.0,1.8999294666666664,1.9868538126927504,1.8306691,0.0558533655373272,128.41545481542752,-2846.4,-2717.9845451845727,128.41545481542752,-2846.4,-2717.9845451845727,1,0,38,39,,265876253958371.0,0.0
15,STRK_USDT,STRK,USDT,2024-02-20 23:00:00,1708470000,1.6359866249665114,-238.99999977567285,,0.0,-238.99999977567285,5317947613508011.0,0.0,5317947613508011.0,1.91181108871215,1.9630675225810208,1.873009216711061,0.0277225171228857,3378.097390676269,-1358.1069620359906,2019.9904286402789,3378.097390676269,-1358.1069620359906,2019.9904286402789,1,0,64,65,,5317947613508011.0,0.0
16,STRK_USDT,STRK,USDT,2024-02-21 00:00:00,1708473600,2.0530898532248623,-94.17872842307548,1.6574787863422302,235.1878209314901,141.00909250841462,3187074305441403.0,-5317947613508011.0,-2130873308066608.0,2.0036298568170685,2.062779339244081,1.9014732,0.0464744913407495,2898.9866183278536,-88.0,2810.9866183278536,2898.9866183278536,-88.0,2810.9866183278536,2,1,86,89,,3187074305441403.0,-5317947613508011.0
17,STRK_USDT,STRK,USDT,2024-02-21 01:00:00,1708477200,1.4255704493398864,-80.66946116430164,,0.0,-80.66946116430164,6810439506238063.0,0.0,6810439506238063.0,2.086303064428276,2.1163786853515143,2.0532825,0.0189147456572133,1222.7257371115818,-8.0,1214.7257371115818,1222.7257371115818,-8.0,1214.7257371115818,2,2,34,38,,6810439506238063.0,0.0
18,STRK_USDT,STRK,USDT,2024-02-21 02:00:00,1708480800,1.935029353294896,-973.1367857846536,,0.0,-973.1367857846536,2.7055881454093604e+16,0.0,2.7055881454093604e+16,2.102953112703019,2.168490102056286,2.0608173,0.0304245327697647,588.2683570998447,-1607.161322765175,-1018.8929656653304,588.2683570998447,-1607.161322765175,-1018.8929656653304,7,1,66,74,,2.7055881454093604e+16,0.0
19,STRK_USDT,STRK,USDT,2024-02-21 03:00:00,1708484400,2.145733253864832,-1124.5323597889785,,0.0,-1124.5323597889785,3.154981313229562e+16,0.0,3.154981313229562e+16,2.0188147525226245,2.104751201255652,1.9761815,0.0269543005225905,926.7472159401456,-7146.831371737133,-6220.084155796987,926.7472159401456,-7146.831371737133,-6220.084155796987,3,0,54,57,,3.154981313229562e+16,0.0
20,STRK_USDT,STRK,USDT,2024-02-21 04:00:00,1708488000,1.0888677010708725,-669.9999916793834,0.8735536032529226,668.9653865731448,-1.0346051062385868,8064173731709594.0,-2013564270332200.0,6050609461377393.0,2.038195956566242,2.043626650926369,1.9942679,0.0175602300963395,257.13640620280626,-50.86246290616901,206.27394329663724,257.13640620280626,-50.86246290616901,206.27394329663724,5,2,52,59,,8064173731709594.0,-2013564270332200.0
21,STRK_USDT,STRK,USDT,2024-02-21 05:00:00,1708491600,2.09313649920372,-299.15950165611025,,0.0,-299.15950165611025,1.0944499668333853e+17,0.0,1.0944499668333853e+17,1.9965021085493675,2.049103030730915,1.956224909090909,0.0313134693999675,252.91414323198163,-6435.9515239816565,-6183.037380749674,252.91414323198163,-6435.9515239816565,-6183.037380749674,2,0,82,84,,1.0944499668333853e+17,0.0
22,STRK_USDT,STRK,USDT,2024-02-21 06:00:00,1708495200,1.43574425853933,-444.4585132049813,,0.0,-444.4585132049813,2200121721476155.2,0.0,2200121721476155.2,1.9729597594285264,1.996911790433028,1.923551,0.0197853632106853,318.051196801178,-2570.0,-2251.948803198822,318.051196801178,-2570.0,-2251.948803198822,2,0,76,78,,2200121721476155.2,0.0
23,STRK_USDT,STRK,USDT,2024-02-21 07:00:00,1708498800,0.9179607337806654,-571.1498738940392,,0.0,-571.1498738940392,4169419359819627.0,0.0,4169419359819627.0,1.9458101816968545,1.9633960292078945,1.901346018348624,0.0148991153835435,773.4420871034018,-2924.1542,-2150.7121128965982,773.4420871034018,-2924.1542,-2150.7121128965982,2,0,178,180,,4169419359819627.0,0.0
24,STRK_USDT,STRK,USDT,2024-02-21 08:00:00,1708502400,1.8076967125021728,-829.3652884303752,1.6026671183667356,309.60676569297163,-519.7585227374036,7722562936225818.0,-2714953077003384.0,5007609859222433.0,1.9046522028338613,1.9354713489380464,1.86654176,0.0208850549722038,2055.595005090202,-3856.119366303852,-1800.52436121365,2055.595005090202,-3856.119366303852,-1800.52436121365,2,1,68,71,,7722562936225818.0,-2714953077003384.0
25,STRK_USDT,STRK,USDT,2024-02-21 09:00:00,1708506000,1.982737101524908,-91.51345325447464,,0.0,-91.51345325447464,660442521851087.0,0.0,660442521851087.0,1.941190702609444,1.9575648428785624,1.8912961697223312,0.0214153873973662,2092.625643695073,-2970.358406654341,-877.7327629592673,2092.625643695073,-2970.358406654341,-877.7327629592673,3,0,68,71,,660442521851087.0,0.0
26,STRK_USDT,STRK,USDT,2024-02-21 10:00:00,1708509600,1.6424776124140958,-49.525470214299474,,0.0,-49.525470214299474,380944404024100.0,0.0,380944404024100.0,1.877644142750287,1.8926444965383704,1.854392,0.0155615997691326,73.97572473693901,-1892.0529847069324,-1818.0772599699933,73.97572473693901,-1892.0529847069324,-1818.0772599699933,2,1,34,37,,380944404024100.0,0.0
27,STRK_USDT,STRK,USDT,2024-02-21 11:00:00,1708513200,0.9897674351758692,-1218.010814278519,,0.0,-1218.010814278519,1.169496395390477e+16,0.0,1.169496395390477e+16,1.8935483450883048,1.907336439789315,1.849862261904762,0.0205773980211474,639.9818065994205,-2026.0,-1386.0181934005795,639.9818065994205,-2026.0,-1386.0181934005795,2,0,72,74,,1.169496395390477e+16,0.0
28,STRK_USDT,STRK,USDT,2024-02-21 12:00:00,1708516800,1.4304749228799103,-5.410167184924896,,0.0,-5.410167184924896,1410082521569314.0,0.0,1410082521569314.0,1.8158032919110507,1.8786781233774568,1.7896449196221786,0.0216975834214101,121.95201243862029,-6690.800395359112,-6568.848382920492,121.95201243862029,-6690.800395359112,-6568.848382920492,3,0,66,69,,1410082521569314.0,0.0
29,STRK_USDT,STRK,USDT,2024-02-21 13:00:00,1708520400,1.8078664348049769,-276.9999997560779,,0.0,-276.9999997560779,793531084546182.0,0.0,793531084546182.0,1.7703757907692306,1.8187385357169188,1.6955953324677475,0.0380633471221341,242.3488091307676,-6973.506241132932,-6731.157432002165,242.3488091307676,-6973.506241132932,-6731.157432002165,1,0,96,97,,793531084546182.0,0.0
30,STRK_USDT,STRK,USDT,2024-02-21 14:00:00,1708524000,0.8874642912932167,-51.52434576648471,,0.0,-51.52434576648471,240138295479393.0,0.0,240138295479393.0,1.68723,1.721695495300898,1.665106,0.0190802410482081,278.89529280093404,-739.1999999999999,-460.3047071990659,278.89529280093404,-739.1999999999999,-460.3047071990659,1,0,54,55,,240138295479393.0,0.0
31,STRK_USDT,STRK,USDT,2024-02-21 15:00:00,1708527600,1.7133959651598305,-86.85876050734919,,0.0,-86.85876050734919,776068468570508.0,0.0,776068468570508.0,1.7253555170180588,1.759016317385109,1.6724942222222223,0.0309653615164,1662.0266694985205,-56.4,1605.6266694985204,1662.0266694985205,-56.4,1605.6266694985204,2,0,62,64,,776068468570508.0,0.0
32,STRK_USDT,STRK,USDT,2024-02-21 16:00:00,1708531200,,0.0,0.0871031424309614,1004.8850426880504,1004.8850426880504,0.0,-8224639952995750.0,-8224639952995750.0,1.8126830843152897,1.8684149804975323,1.7592455816016432,0.0294454820771148,8516.885190566589,-92.0,8424.885190566589,8516.885190566589,-92.0,8424.885190566589,0,1,72,73,,0.0,-8224639952995750.0
33,STRK_USDT,STRK,USDT,2024-02-21 17:00:00,1708534800,,0.0,,0.0,0.0,0.0,0.0,0.0,1.8978656708427264,1.936314640919672,1.8414348,0.0270949002955286,4336.113864435365,-1991.6015618610916,2344.5123025742737,4336.113864435365,-1991.6015618610916,2344.5123025742737,0,0,52,52,,0.0,0.0
34,STRK_USDT,STRK,USDT,2024-02-21 18:00:00,1708538400,,0.0,,0.0,0.0,0.0,0.0,0.0,1.8661992777777776,1.9038099273474527,1.859899,0.0174981074396622,141.80226997673873,-790.5999999999999,-648.7977300232612,141.80226997673873,-790.5999999999999,-648.7977300232612,0,1,26,27,,0.0,0.0
35,STRK_USDT,STRK,USDT,2024-02-21 19:00:00,1708542000,,0.0,1.325290859721941,172.87241236091276,172.87241236091276,0.0,-1357525940960486.0,-1357525940960486.0,1.8614769333333328,1.8999466160309129,1.8506778707692308,0.017809590673052,276.05222334807047,-943.004,-666.9517766519295,276.05222334807047,-943.004,-666.9517766519295,0,1,54,55,,0.0,-1357525940960486.0
36,STRK_USDT,STRK,USDT,2024-02-21 20:00:00,1708545600,1.458458512483473,-378.7411966192381,3550.7448501962544,0.0022512876416783,-378.7389453315964,3.853162352189947e+16,-1.6003728814409748e+16,2.2527894707489724e+16,1.828811418973726,1.885164838339609,1.0067218938369311,0.3702645715641707,1926.997411276672,-3184.0,-1257.002588723328,1926.997411276672,-3184.0,-1257.002588723328,3,1,80,84,,3.853162352189947e+16,-1.6003728814409748e+16
37,STRK_USDT,STRK,USDT,2024-02-21 21:00:00,1708549200,1.0152814873067375,-393.9794086673341,,0.0,-393.9794086673341,4.982106963982442e+16,0.0,4.982106963982442e+16,1.032188273850265,1.8361537563715824,1.022179324507129,0.2802290173640351,7050.319971134367,-1020.9497661722731,6029.370204962093,7050.319971134367,-1020.9497661722731,6029.370204962093,1,0,78,79,,4.982106963982442e+16,0.0
38,STRK_USDT,STRK,USDT,2024-02-21 22:00:00,1708552800,0.9376096371314449,-128.8990654679639,1.80318306537712,50.95814161319371,-77.9409238547702,724036493718979.0,-69119135823266.0,654917357895713.0,1.7955195734944789,1.8218892859502256,1.77551707,0.0194628787316414,107.3737481246853,-800.0,-692.6262518753147,107.3737481246853,-800.0,-692.6262518753147,1,1,16,18,,724036493718979.0,-69119135823266.0
39,STRK_USDT,STRK,USDT,2024-02-21 23:00:00,1708556400,,0.0,1.1417040308368285,254.50150577731245,254.50150577731245,0.0,-1096472654370136.0,-1096472654370136.0,1.844717162080932,1.879816210273741,1.0330528521903952,0.3005340464986152,4591.201148442057,0.0,4591.201148442057,4591.201148442057,0.0,4591.201148442057,0,1,39,40,,0.0,-1096472654370136.0
40,STRK_USDT,STRK,USDT,2024-02-22 00:00:00,1708560000,,0.0,,0.0,0.0,0.0,0.0,0.0,1.8820356363636364,1.885445775805063,1.8431823333333333,0.0197822052840168,261.76437898542446,-460.0,-198.23562101457557,261.76437898542446,-460.0,-198.23562101457557,0,0,18,18,,0.0,0.0
41,STRK_USDT,STRK,USDT,2024-02-22 01:00:00,1708563600,1.845867163704298,-380.2339490082808,,0.0,-380.2339490082808,5480218848758811.0,0.0,5480218848758811.0,1.879868289763854,1.8851382537131172,1.8412583674418592,0.0199554903641217,471.315300555716,-1579.2110202916715,-1107.8957197359557,471.315300555716,-1579.2110202916715,-1107.8957197359557,1,0,34,35,,5480218848758811.0,0.0
42,STRK_USDT,STRK,USDT,2024-02-22 02:00:00,1708567200,,0.0,,0.0,0.0,0.0,0.0,0.0,1.8623043285067549,1.8648858320936952,1.824916,0.0163901321506123,277.90136693131484,-1067.0,-789.0986330686851,277.90136693131484,-1067.0,-789.0986330686851,0,0,58,58,,0.0,0.0
43,STRK_USDT,STRK,USDT,2024-02-22 03:00:00,1708570800,,0.0,,0.0,0.0,0.0,0.0,0.0,1.8588918846298503,1.8779280215127063,1.8210937870370367,0.013729559333577,2578.514194595979,-432.0,2146.514194595979,2578.514194595979,-432.0,2146.514194595979,0,1,56,57,,0.0,0.0
44,STRK_USDT,STRK,USDT,2024-02-22 04:00:00,1708574400,,0.0,,0.0,0.0,0.0,0.0,0.0,1.8885216756758192,1.91315501868705,1.8838070926947497,0.0075129495430139,1548.5913690260886,0.0,1548.5913690260886,1548.5913690260886,0.0,1548.5913690260886,0,0,56,56,,0.0,0.0
45,STRK_USDT,STRK,USDT,2024-02-22 05:00:00,1708578000,,0.0,,0.0,0.0,0.0,0.0,0.0,1.8726150943396225,1.9140910794118264,1.859114137614679,0.0222396825514491,52.21978957259692,-1425.3754196096636,-1373.1556300370669,52.21978957259692,-1425.3754196096636,-1373.1556300370669,0,0,24,24,,0.0,0.0
46,STRK_USDT,STRK,USDT,2024-02-22 06:00:00,1708581600,,0.0,,0.0,0.0,0.0,0.0,0.0,1.8794128786805893,1.8934253439063211,1.847702272,0.0115503800880646,243.5566909393806,-500.0,-256.4433090606194,243.5566909393806,-500.0,-256.4433090606194,0,0,22,22,,0.0,0.0
47,STRK_USDT,STRK,USDT,2024-02-22 07:00:00,1708585200,1.8716396823326948,-798.5336846586076,,0.0,-798.5336846586076,2.464865967176915e+16,0.0,2.464865967176915e+16,1.88039941043044,1.880942755737354,1.843038,0.018494463857355,32.419661941039365,-4.0,28.419661941039365,32.419661941039365,-4.0,28.419661941039365,6,0,12,18,,2.464865967176915e+16,0.0
48,STRK_USDT,STRK,USDT,2024-02-22 08:00:00,1708588800,1.7531280162256473,-293.30811501220194,,0.0,-293.30811501220194,3236438156000299.0,0.0,3236438156000299.0,1.9190999506541404,1.924178447942407,1.844881,0.0238380904465744,879.5114044582117,-24.0,855.5114044582117,879.5114044582117,-24.0,855.5114044582117,4,0,54,58,,3236438156000299.0,0.0
49,STRK_USDT,STRK,USDT,2024-02-22 09:00:00,1708592400,1.8509356914206452,-54.207499733818615,,0.0,-54.207499733818615,503495590509233.0,0.0,503495590509233.0,1.9390949375292763,1.943003279375825,1.9259511038191743,0.0051318601635175,1217.174899949271,0.0,1217.174899949271,1217.174899949271,0.0,1217.174899949271,1,0,44,45,,503495590509233.0,0.0
50,STRK_USDT,STRK,USDT,2024-02-22 10:00:00,1708596000,2.0048433177799696,-258.9999828889311,1.063922753911836,70.73427532525187,-188.2657075636792,2503946759924790.0,-544640309741145.0,1959306450183644.8,1.9052394242694977,1.9452630339382624,1.8770579339141968,0.0246480334497518,328.8482487036372,-5066.802095943966,-4737.953847240329,328.8482487036372,-5066.802095943966,-4737.953847240329,1,1,66,68,,2503946759924790.0,-544640309741145.0
51,STRK_USDT,STRK,USDT,2024-02-22 11:00:00,1708599600,,0.0,,0.0,0.0,0.0,0.0,0.0,1.9014280964826544,1.9056259734539815,1.8646539541741511,0.0182876865064744,340.86018443094315,-487.361516859212,-146.50133242826882,340.86018443094315,-487.361516859212,-146.50133242826882,0,0,44,44,,0.0,0.0
52,STRK_USDT,STRK,USDT,2024-02-22 12:00:00,1708603200,,0.0,,0.0,0.0,0.0,0.0,0.0,1.9081349901951667,1.9163523905216533,1.8708632141766044,0.0127638048005342,835.5036436298783,-2502.633020159444,-1667.1293765295654,835.5036436298783,-2502.633020159444,-1667.1293765295654,1,1,76,78,,0.0,0.0
53,STRK_USDT,STRK,USDT,2024-02-22 13:00:00,1708606800,,0.0,,0.0,0.0,0.0,0.0,0.0,1.856479186915888,1.864705332328612,1.8320181398831807,0.0126952500642857,253.4843611911095,-6592.500000000002,-6339.015638808893,253.4843611911095,-6592.500000000002,-6339.015638808893,0,0,42,42,,0.0,0.0
54,STRK_USDT,STRK,USDT,2024-02-22 14:00:00,1708610400,,0.0,1.9188724776427164,13.30473509702064,13.30473509702064,0.0,-39676554227309.0,-39676554227309.0,1.8666363462402011,1.869388930935333,1.8296125031812107,0.0171904940537828,540.2513373859819,-313.4467017816014,226.80463560438045,540.2513373859819,-313.4467017816014,226.80463560438045,0,1,52,53,,0.0,-39676554227309.0
55,STRK_USDT,STRK,USDT,2024-02-22 15:00:00,1708614000,0.973539752717458,-883.2891824952201,,0.0,-883.2891824952201,5572446027351401.0,0.0,5572446027351401.0,1.870405074671567,1.8759180840479188,1.832773906810036,0.0152131662039748,448.9750179610388,-259.6554099198337,189.31960804120516,448.9750179610388,-259.6554099198337,189.31960804120516,2,0,38,40,,5572446027351401.0,0.0
56,STRK_USDT,STRK,USDT,2024-02-22 16:00:00,1708617600,,0.0,,0.0,0.0,0.0,0.0,0.0,1.8754349010395983,1.877106412759276,1.828083034383291,0.0171764137183685,269.76069388996103,-2052.452307259625,-1782.691613369664,269.76069388996103,-2052.452307259625,-1782.691613369664,0,0,36,36,,0.0,0.0
57,STRK_USDT,STRK,USDT,2024-02-22 17:00:00,1708621200,,0.0,,0.0,0.0,0.0,0.0,0.0,1.852328866753754,1.8532540887779432,1.8156723,0.0186701836794841,105.36046286748218,-240.0,-134.63953713251783,105.36046286748218,-240.0,-134.63953713251783,0,0,18,18,,0.0,0.0
58,STRK_USDT,STRK,USDT,2024-02-22 18:00:00,1708624800,,0.0,1.273758922365745,52.42290344548148,52.42290344548148,0.0,-616705520369753.0,-616705520369753.0,1.8569883840845909,1.859510004689102,1.8201567574346915,0.0073963151940297,565.1133779556023,-21.97612916393836,543.137248791664,565.1133779556023,-21.97612916393836,543.137248791664,0,1,50,51,,0.0,-616705520369753.0
59,STRK_USDT,STRK,USDT,2024-02-22 19:00:00,1708628400,1.9797214638049323,-10.499999813129374,,0.0,-10.499999813129374,100882373605235.0,0.0,100882373605235.0,1.8675432891595063,1.891948568398888,1.8240695,0.0189000060682916,2521.8167562915487,-32.0,2489.8167562915487,2521.8167562915487,-32.0,2489.8167562915487,1,0,24,25,,100882373605235.0,0.0
60,STRK_USDT,STRK,USDT,2024-02-22 20:00:00,1708632000,1.979721463804929,-10.19999952982766,,0.0,-10.19999952982766,98000017300440.0,0.0,98000017300440.0,1.8587385137561243,1.896408501221316,1.8584935989408204,0.0168843034776138,88.53121671405471,-144.69657195677328,-56.165355242718576,88.53121671405471,-144.69657195677328,-56.165355242718576,1,0,16,17,,98000017300440.0,0.0
61,STRK_USDT,STRK,USDT,2024-02-22 21:00:00,1708635600,1.0161108076991414,-152.57692469236366,,0.0,-152.57692469236366,1031867006768702.0,0.0,1031867006768702.0,1.9019781331400256,1.9514619555284265,1.894483,0.0219837267372324,4207.58346515765,-8.0,4199.58346515765,4207.58346515765,-8.0,4199.58346515765,2,0,35,37,,1031867006768702.0,0.0
62,STRK_USDT,STRK,USDT,2024-02-22 22:00:00,1708639200,1.037774480897253,-369.3839877684737,2.7900960831232187,104.29801602898723,-265.08597173948647,3061643507342358.0,-2503581355147202.0,558062152195156.0,1.9719096286321416,1.9784664551204227,1.939158,0.0129766871432449,3398.2235740684446,-4.0,3394.2235740684446,3398.2235740684446,-4.0,3394.2235740684446,2,1,30,33,,3061643507342358.0,-2503581355147202.0
63,STRK_USDT,STRK,USDT,2024-02-22 23:00:00,1708642800,,0.0,,0.0,0.0,0.0,0.0,0.0,1.9412479714285715,1.9802732857156675,1.93350632,0.0217878525590619,296.6495194984454,-844.3604022469879,-547.7108827485424,296.6495194984454,-844.3604022469879,-547.7108827485424,0,0,22,22,,0.0,0.0
64,STRK_USDT,STRK,USDT,2024-02-23 01:00:00,1708650000,,0.0,,0.0,0.0,0.0,0.0,0.0,1.9903505157776136,2.054736746153846,1.937393,0.0272012811724739,6794.571049966371,-30.0,6764.571049966371,6794.571049966371,-30.0,6764.571049966371,0,0,51,51,,0.0,0.0
65,STRK_USDT,STRK,USDT,2024-02-23 01:00:00,1708650000,,0.0,,0.0,0.0,0.0,0.0,0.0,1.9741115540482292,1.9748242409109,1.973398867185559,0.000761894304048,232.82797931401464,0.0,232.82797931401464,232.82797931401464,0.0,232.82797931401464,0,0,8,8,,0.0,0.0
66,STRK_USDT,STRK,USDT,2024-02-23 02:00:00,1708653600,1.0324973874487318,-393.3188789982916,1.8301456287031603,386.31543627541225,-7.003442722879356,3326426381970153.0,-3612547704872489.5,-286121322902337.0,2.113160302071192,2.1248266147199235,1.107643452252378,0.3860871828872514,20803.761661972618,0.0,20803.761661972618,20803.761661972618,0.0,20803.761661972618,1,1,138,140,,3326426381970153.0,-3612547704872489.5
67,STRK_USDT,STRK,USDT,2024-02-23 03:00:00,1708657200,,0.0,,0.0,0.0,0.0,0.0,0.0,2.0866613491333634,2.100510338414704,2.051487773262032,0.0151769713232644,2038.5158896679363,-5236.72,-3198.204110332064,2038.5158896679363,-5236.72,-3198.204110332064,0,2,62,64,,0.0,0.0
68,STRK_USDT,STRK,USDT,2024-02-23 04:00:00,1708660800,,0.0,,0.0,0.0,0.0,0.0,0.0,2.0981026982667017,2.098407569381733,2.056725962089057,0.0174889859610134,27.960138351979595,-4.900993222141049,23.059145129838544,27.960138351979595,-4.900993222141049,23.059145129838544,0,1,10,11,,0.0,0.0
69,STRK_USDT,STRK,USDT,2024-02-23 05:00:00,1708664400,2.1562174173432904,-96.44908782447104,1.7673427022659476,146.5659436648648,50.11685584039374,1087571731464807.0,-1325390239993018.0,-237818508528211.0,2.12811755323554,2.1557578539400293,2.098463788289225,0.0134640117761427,13625.771882889672,0.0,13625.771882889672,13625.771882889672,0.0,13625.771882889672,2,2,122,126,,1087571731464807.0,-1325390239993018.0
70,STRK_USDT,STRK,USDT,2024-02-23 06:00:00,1708668000,,0.0,,0.0,0.0,0.0,0.0,0.0,2.160153777171902,2.1641126239914046,2.109500096049407,0.0195056827388835,965.2194155016704,-796.6069889552989,168.61242654637135,965.2194155016704,-796.6069889552989,168.61242654637135,0,0,44,44,,0.0,0.0
71,STRK_USDT,STRK,USDT,2024-02-23 07:00:00,1708671600,,0.0,3.766494383816053,35.30079311184059,35.30079311184059,0.0,-494947409035289.0,-494947409035289.0,2.0917767089898303,2.152230158914555,2.061195715173901,0.0200057653294456,113.8855938824524,-11548.72179459519,-11434.836200712738,113.8855938824524,-11548.72179459519,-11434.836200712738,0,1,89,90,,0.0,-494947409035289.0
72,STRK_USDT,STRK,USDT,2024-02-23 08:00:00,1708675200,,0.0,,0.0,0.0,0.0,0.0,0.0,2.061939991535985,2.087191126241549,2.035240293128222,0.0206878229983346,182.09285655386543,-4548.85369083212,-4366.760834278255,182.09285655386543,-4548.85369083212,-4366.760834278255,0,0,44,44,,0.0,0.0
73,STRK_USDT,STRK,USDT,2024-02-23 09:00:00,1708678800,,0.0,,0.0,0.0,0.0,0.0,0.0,2.067862865272227,2.074028777956381,2.02930193,0.0159302486592134,239.4155566832633,-648.0,-408.5844433167367,239.4155566832633,-648.0,-408.5844433167367,0,0,38,38,,0.0,0.0
74,STRK_USDT,STRK,USDT,2024-02-23 10:00:00,1708682400,,0.0,,0.0,0.0,0.0,0.0,0.0,2.0673196679959687,2.0699585568907164,2.025029,0.0202809147908505,218.73080740246488,-237.6956991986279,-18.964891796163016,218.73080740246488,-237.6956991986279,-18.964891796163016,0,1,44,45,,0.0,0.0
75,STRK_USDT,STRK,USDT,2024-02-23 11:00:00,1708686000,,0.0,,0.0,0.0,0.0,0.0,0.0,2.0487134421496824,2.0696827201654395,2.0278110714285718,0.0214209046998849,101.54644421395744,-40.8,60.74644421395743,101.54644421395744,-40.8,60.74644421395743,0,0,16,16,,0.0,0.0
76,STRK_USDT,STRK,USDT,2024-02-23 12:00:00,1708689600,1.9639695013040663,-19.99999998672009,,0.0,-19.99999998672009,191325942392748.0,0.0,191325942392748.0,2.0272461326973654,2.075519148436908,1.9865229,0.0297769408614429,390.9768982797837,-1762.0,-1371.0231017202163,390.9768982797837,-1762.0,-1371.0231017202163,1,1,44,46,,191325942392748.0,0.0
77,STRK_USDT,STRK,USDT,2024-02-23 13:00:00,1708693200,,0.0,,0.0,0.0,0.0,0.0,0.0,2.020997889360234,2.0301275024402843,1.9847758868593075,0.0188080788318583,273.0213163974368,-643.7791178811433,-370.7578014837065,273.0213163974368,-643.7791178811433,-370.7578014837065,0,3,40,43,,0.0,0.0
78,STRK_USDT,STRK,USDT,2024-02-23 14:00:00,1708696800,,0.0,1956.9161630609128,0.4428676308975959,0.4428676308975959,0.0,-3326426381970153.0,-3326426381970153.0,2.02586673000415,2.0306445088830456,1.9549097544671072,0.0256271538888534,412.3463565653181,-4820.731933460489,-4408.385576895171,412.3463565653181,-4820.731933460489,-4408.385576895171,0,1,62,63,,0.0,-3326426381970153.0
79,STRK_USDT,STRK,USDT,2024-02-23 15:00:00,1708700400,,0.0,,0.0,0.0,0.0,0.0,0.0,1.94508876875,1.995473403987334,1.8788758,0.0417622969152702,412.6143292846846,-4043.006484911273,-3630.3921556265886,412.6143292846846,-4043.006484911273,-3630.3921556265886,0,0,48,48,,0.0,0.0
80,STRK_USDT,STRK,USDT,2024-02-23 16:00:00,1708704000,,0.0,,0.0,0.0,0.0,0.0,0.0,1.918013903617615,1.933921154005096,1.8803586666666667,0.0195161859100686,764.1835112718599,-12.0,752.1835112718599,764.1835112718599,-12.0,752.1835112718599,0,0,18,18,,0.0,0.0
81,STRK_USDT,STRK,USDT,2024-02-23 17:00:00,1708707600,,0.0,,0.0,0.0,0.0,0.0,0.0,1.9400253370739748,1.941446120271619,1.9356767999362483,0.0020356389425509,367.9472519504157,0.0,367.9472519504157,367.9472519504157,0.0,367.9472519504157,0,0,20,20,,0.0,0.0
82,STRK_USDT,STRK,USDT,2024-02-23 18:00:00,1708711200,,0.0,,0.0,0.0,0.0,0.0,0.0,1.94777720783652,1.9552293007363524,1.912022,0.0195329703878096,828.9172160005942,-102.0,726.9172160005942,828.9172160005942,-102.0,726.9172160005942,0,0,34,34,,0.0,0.0
83,STRK_USDT,STRK,USDT,2024-02-23 19:00:00,1708714800,,0.0,,0.0,0.0,0.0,0.0,0.0,1.963633730628445,1.9703129344681864,1.957454479787163,0.0045876874983166,789.6260491199939,0.0,789.6260491199939,789.6260491199939,0.0,789.6260491199939,0,0,34,34,,0.0,0.0
84,STRK_USDT,STRK,USDT,2024-02-23 20:00:00,1708718400,,0.0,,0.0,0.0,0.0,0.0,0.0,1.9701292758159408,1.971237448472102,1.930866,0.0195409852579328,136.81233593224172,-18.0,118.81233593224172,136.81233593224172,-18.0,118.81233593224172,0,0,12,12,,0.0,0.0
85,STRK_USDT,STRK,USDT,2024-02-23 21:00:00,1708722000,,0.0,0.543969379055265,217.9847369459248,217.9847369459248,0.0,-1378698969218978.0,-1378698969218978.0,1.974395125288037,1.97739244001011,1.9349286666666667,0.0105282263926628,297.8261162350835,-12.0,285.8261162350835,297.8261162350835,-12.0,285.8261162350835,0,1,28,29,,0.0,-1378698969218978.0
86,STRK_USDT,STRK,USDT,2024-02-23 22:00:00,1708725600,1.9915980189655111,-9.999999904772396,,0.0,-9.999999904772396,96335084587111.0,0.0,96335084587111.0,1.963494761377484,1.9791371845171255,1.9242406875,0.0238116552813788,91.33472479454312,-564.0,-472.6652752054569,91.33472479454312,-564.0,-472.6652752054569,1,0,16,17,,96335084587111.0,0.0
87,STRK_USDT,STRK,USDT,2024-02-23 23:00:00,1708729200,,0.0,,0.0,0.0,0.0,0.0,0.0,1.9490275463154183,1.9616436211980868,1.91646725,0.0165025430071995,72.37554669174473,-1251.19738531147,-1178.8218386197252,72.37554669174473,-1251.19738531147,-1178.8218386197252,0,0,26,26,,0.0,0.0
88,STRK_USDT,STRK,USDT,2024-02-24 00:00:00,1708732800,,0.0,,0.0,0.0,0.0,0.0,0.0,1.9514188396392156,1.9517914827124687,1.9502823620177097,0.0005286791045914,99.91700148987783,0.0,99.91700148987783,99.91700148987783,0.0,99.91700148987783,0,0,24,24,,0.0,0.0
89,STRK_USDT,STRK,USDT,2024-02-24 01:00:00,1708736400,1.9133206514751648,-17.717887471639003,,0.0,-17.717887471639003,167285799449573.0,0.0,167285799449573.0,1.8994110548513985,1.9521007463935507,1.8823047403307476,0.0228263370935888,59.049799282120006,-1933.8172651141967,-1874.7674658320768,59.049799282120006,-1933.8172651141967,-1874.7674658320768,1,0,32,33,,167285799449573.0,0.0
90,STRK_USDT,STRK,USDT,2024-02-24 02:00:00,1708740000,1.8990630393266417,-176.2785173886058,,0.0,-176.2785173886058,1658119467494470.0,0.0,1658119467494470.0,1.920327190901612,1.920581604851288,1.88093825,0.0166619025247721,32.22759547987336,-104.0,-71.77240452012664,32.22759547987336,-104.0,-71.77240452012664,1,0,10,11,,1658119467494470.0,0.0
91,STRK_USDT,STRK,USDT,2024-02-24 03:00:00,1708743600,,0.0,,0.0,0.0,0.0,0.0,0.0,1.9183126244396091,1.91868338406736,1.9178278395044048,0.0003837422110694,44.84188158081981,0.0,44.84188158081981,44.84188158081981,0.0,44.84188158081981,0,0,6,6,,0.0,0.0
92,STRK_USDT,STRK,USDT,2024-02-24 04:00:00,1708747200,,0.0,,0.0,0.0,0.0,0.0,0.0,1.9208465873853509,1.9236400621594372,1.919262485100529,0.0012674198143202,227.62191042239948,0.0,227.62191042239948,227.62191042239948,0.0,227.62191042239948,0,0,24,24,,0.0,0.0
93,STRK_USDT,STRK,USDT,2024-02-24 05:00:00,1708750800,1.6369100498937663,-408.801022431838,,0.0,-408.801022431838,5050898440134209.0,0.0,5050898440134209.0,1.9268861643857225,1.9289150407095483,1.9244758192943083,0.0015034304960846,342.28386553066457,0.0,342.28386553066457,342.28386553066457,0.0,342.28386553066457,2,0,32,34,,5050898440134209.0,0.0
94,STRK_USDT,STRK,USDT,2024-02-24 06:00:00,1708754400,,0.0,,0.0,0.0,0.0,0.0,0.0,1.930881411937514,1.9344871283863008,1.9292869192559583,0.0017981942664186,351.1753295842106,0.0,351.1753295842106,351.1753295842106,0.0,351.1753295842106,0,0,40,40,,0.0,0.0
95,STRK_USDT,STRK,USDT,2024-02-24 07:00:00,1708758000,,0.0,,0.0,0.0,0.0,0.0,0.0,1.934922824700922,1.9355013517658413,1.8963007307692303,0.0182209010992775,47.06831765941014,-104.0,-56.93168234058986,47.06831765941014,-104.0,-56.93168234058986,0,0,14,14,,0.0,0.0
96,STRK_USDT,STRK,USDT,2024-02-24 08:00:00,1708761600,,0.0,,0.0,0.0,0.0,0.0,0.0,1.9350162615177544,1.935480296500762,1.9342183424549528,0.0004423801494306,66.9035326273123,0.0,66.9035326273123,66.9035326273123,0.0,66.9035326273123,0,0,10,10,,0.0,0.0
97,STRK_USDT,STRK,USDT,2024-02-24 10:00:00,1708768800,,0.0,,0.0,0.0,0.0,0.0,0.0,1.9373466845306229,1.938158947683819,1.936173672807284,0.0006634530810276,156.30436150956177,0.0,156.30436150956177,156.30436150956177,0.0,156.30436150956177,0,0,18,18,,0.0,0.0
98,STRK_USDT,STRK,USDT,2024-02-24 10:00:00,1708768800,1.703251306846791,-299.2863143276915,,0.0,-299.2863143276915,5844453204358511.0,0.0,5844453204358511.0,1.938709791466414,1.9419176972813748,1.898681640241448,0.0138462978169321,311.5715602146332,-108.70165424720908,202.86990596742413,311.5715602146332,-108.70165424720908,202.86990596742413,1,0,40,41,,5844453204358511.0,0.0
99,STRK_USDT,STRK,USDT,2024-02-24 11:00:00,1708772400,,0.0,,0.0,0.0,0.0,0.0,0.0,1.9428909553651816,1.9444962628854467,1.9033494,0.0163051963882055,155.4381723908157,-31.663128,123.77504439081572,155.4381723908157,-31.663128,123.77504439081572,0,0,36,36,,0.0,0.0
100,STRK_USDT,STRK,USDT,2024-02-24 12:00:00,1708776000,,0.0,1.886620717687504,1441.2292070728647,1441.2292070728647,0.0,-9119919559372336.0,-9119919559372336.0,1.9448627301366457,1.9448627301366457,1.9448627301366457,0.0,28.793805923807,0.0,28.793805923807,28.793805923807,0.0,28.793805923807,0,1,4,5,,0.0,-9119919559372336.0
101,STRK_USDT,STRK,USDT,2024-02-24 13:00:00,1708779600,1.6820365973606728,-6.079999695635106,1.6820364013213225,6.019199698678755,-0.0607999969563506,203557091957204.0,-203557091957204.0,0.0,,,,,,,,,,,1,1,0,2,,203557091957204.0,-203557091957204.0
102,STRK_USDT,STRK,USDT,2024-02-24 14:00:00,1708783200,1.90267830966876,-21.530115097139905,2.149454980513174,58.24751196915516,36.71739687201526,202716859528263.0,-599582197273347.0,-396865337745084.0,1.948818675814172,1.950764,1.945515976230772,0.0022282694702992,263.65147663094353,0.0,263.65147663094353,263.65147663094353,0.0,263.65147663094353,1,2,20,23,,202716859528263.0,-599582197273347.0
103,STRK_USDT,STRK,USDT,2024-02-24 15:00:00,1708786800,1.7547295836907455,-46.99295935192529,2.3062593028289857,21.749733838892404,-25.24322551303289,1605001986605132.0,-1370327571252455.0,234674415352677.0,1.9482270132384092,1.9510459739006345,1.90895109,0.0112385172831574,255.77530643024284,-200.0,55.77530643024284,255.77530643024284,-200.0,55.77530643024284,1,1,24,26,,1605001986605132.0,-1370327571252455.0
104,STRK_USDT,STRK,USDT,2024-02-24 16:00:00,1708790400,,0.0,,0.0,0.0,0.0,0.0,0.0,1.958089551683883,1.963495789992196,1.9195246,0.0119875628830558,733.0784489915216,-20.0,713.0784489915216,733.0784489915216,-20.0,713.0784489915216,0,0,42,42,,0.0,0.0
105,STRK_USDT,STRK,USDT,2024-02-24 17:00:00,1708794000,,0.0,,0.0,0.0,0.0,0.0,0.0,1.9630820976890977,1.9637990695895151,1.92373,0.017301215822193,65.94482748562663,-81.25051996247878,-15.305692476852144,65.94482748562663,-81.25051996247878,-15.305692476852144,0,0,24,24,,0.0,0.0
106,STRK_USDT,STRK,USDT,2024-02-24 18:00:00,1708797600,,0.0,10.81318974750939,112.20440650081603,112.20440650081603,0.0,-9119023227758800.0,-9119023227758800.0,1.9650008061468829,1.9663780043423629,1.92625185,0.0132839828451128,115.77005887576928,-120.0,-4.22994112423072,115.77005887576928,-120.0,-4.22994112423072,0,1,16,17,,0.0,-9119023227758800.0
107,STRK_USDT,STRK,USDT,2024-02-24 19:00:00,1708801200,,0.0,1.965447143042619,16.73338055231885,16.73338055231885,0.0,-161747041635753.0,-161747041635753.0,1.9227203344839947,1.9633828719074125,1.9204124803309963,0.020279815216593,77.39188751109738,-243.81165161190296,-166.4197641008056,77.39188751109738,-243.81165161190296,-166.4197641008056,0,1,18,19,,0.0,-161747041635753.0
108,STRK_USDT,STRK,USDT,2024-02-24 20:00:00,1708804800,,0.0,,0.0,0.0,0.0,0.0,0.0,1.9114918766666664,1.9604512344442095,1.9007253478076367,0.0292837458543681,25.042391841956896,-678.728576,-653.686184158043,25.042391841956896,-678.728576,-653.686184158043,0,0,10,10,,0.0,0.0
109,STRK_USDT,STRK,USDT,2024-02-24 21:00:00,1708808400,2.030082001589214,-14.893348138809804,,0.0,-14.893348138809804,340583600670110.0,0.0,340583600670110.0,1.940568330709592,1.943112280848426,1.9387761843542817,0.0015317207803892,198.3634805882684,0.0,198.3634805882684,198.3634805882684,0.0,198.3634805882684,1,0,20,21,,340583600670110.0,0.0
110,STRK_USDT,STRK,USDT,2024-02-24 22:00:00,1708812000,1.56876657057574,-116.08211755104068,1.8542522309012968,5.444999785758618,-110.63711776528206,1.5775465338961308e+16,-51130543841363.0,1.5724334795119944e+16,1.6207813406916003,1.943426229091038,1.338350537162584,0.288554291571522,1640.487683063117,-1119.3801412418095,521.1075418213074,1640.487683063117,-1119.3801412418095,521.1075418213074,2,1,56,59,,1.5775465338961308e+16,-51130543841363.0
111,STRK_USDT,STRK,USDT,2024-02-24 23:00:00,1708815600,1.352949309726949,-998.9999996916204,,0.0,-998.9999996916204,3.689664084314546e+16,0.0,3.689664084314546e+16,1.4433167603297965,1.9335934333989249,1.390594130175691,0.2199138125625988,3910.052533423376,-32.49783159315159,3877.554701830224,3910.052533423376,-32.49783159315159,3877.554701830224,1,0,51,52,,3.689664084314546e+16,0.0
112,STRK_USDT,STRK,USDT,2024-02-25 00:00:00,1708819200,,0.0,0.8439388091303659,211.68302140778047,211.68302140778047,0.0,-1472949995515704.0,-1472949995515704.0,1.8940231666666667,1.8940231666666667,1.8940231666666667,0.0,0.0,-60.0,-60.0,0.0,-60.0,-60.0,0,1,2,3,,0.0,-1472949995515704.0
113,STRK_USDT,STRK,USDT,2024-02-25 01:00:00,1708822800,,0.0,,0.0,0.0,0.0,0.0,0.0,1.88797142,1.9215537304186705,1.882595895256395,0.0150560782713457,62.44946373362885,-320.18489474865487,-257.735431015026,62.44946373362885,-320.18489474865487,-257.735431015026,0,0,10,10,,0.0,0.0
114,STRK_USDT,STRK,USDT,2024-02-25 02:00:00,1708826400,,0.0,,0.0,0.0,0.0,0.0,0.0,1.924027288392086,1.9244082366672564,1.9229205744356603,0.0006608428796168,79.36976088896927,0.0,79.36976088896927,79.36976088896927,0.0,79.36976088896927,0,0,8,8,,0.0,0.0
115,STRK_USDT,STRK,USDT,2024-02-25 04:00:00,1708833600,,0.0,,0.0,0.0,0.0,0.0,0.0,1.9254583493062447,1.9254583493062447,1.9254583493062447,0.0,83.83679037158201,0.0,83.83679037158201,83.83679037158201,0.0,83.83679037158201,0,0,4,4,,0.0,0.0
